[{"name":"Comedy|Drama|Romance","url":"http://dummyimage.com/196x100.png/ff4444/ffffff","price":92},
{"name":"Documentary","url":"http://dummyimage.com/161x100.png/ff4444/ffffff","price":38},
{"name":"Comedy|Drama","url":"http://dummyimage.com/185x100.png/dddddd/000000","price":12},
{"name":"Comedy|Musical","url":"http://dummyimage.com/214x100.png/cc0000/ffffff","price":26},
{"name":"Crime|Drama|Thriller","url":"http://dummyimage.com/124x100.png/cc0000/ffffff","price":48},
{"name":"Drama|Horror","url":"http://dummyimage.com/148x100.png/ff4444/ffffff","price":50},
{"name":"Horror","url":"http://dummyimage.com/227x100.png/cc0000/ffffff","price":36},
{"name":"Horror","url":"http://dummyimage.com/138x100.png/dddddd/000000","price":26},
{"name":"Comedy","url":"http://dummyimage.com/176x100.png/cc0000/ffffff","price":93},
{"name":"Drama","url":"http://dummyimage.com/216x100.png/dddddd/000000","price":2},
{"name":"Drama","url":"http://dummyimage.com/239x100.png/dddddd/000000","price":79},
{"name":"Action|Adventure","url":"http://dummyimage.com/237x100.png/ff4444/ffffff","price":98},
{"name":"Documentary","url":"http://dummyimage.com/150x100.png/5fa2dd/ffffff","price":5},
{"name":"Action|Adventure|Fantasy","url":"http://dummyimage.com/224x100.png/dddddd/000000","price":85},
{"name":"Musical","url":"http://dummyimage.com/179x100.png/ff4444/ffffff","price":92},
{"name":"Drama|Romance","url":"http://dummyimage.com/158x100.png/5fa2dd/ffffff","price":25},
{"name":"Comedy|Horror","url":"http://dummyimage.com/249x100.png/5fa2dd/ffffff","price":82},
{"name":"Documentary","url":"http://dummyimage.com/210x100.png/dddddd/000000","price":34},
{"name":"Drama","url":"http://dummyimage.com/149x100.png/5fa2dd/ffffff","price":98},
{"name":"Action|Adventure|Drama|War","url":"http://dummyimage.com/154x100.png/ff4444/ffffff","price":54},
{"name":"Action|Crime|Drama","url":"http://dummyimage.com/134x100.png/5fa2dd/ffffff","price":40},
{"name":"Romance|Western","url":"http://dummyimage.com/110x100.png/dddddd/000000","price":49},
{"name":"Drama|Mystery","url":"http://dummyimage.com/200x100.png/dddddd/000000","price":36},
{"name":"Comedy","url":"http://dummyimage.com/131x100.png/cc0000/ffffff","price":6},
{"name":"Documentary","url":"http://dummyimage.com/231x100.png/ff4444/ffffff","price":67},
{"name":"Drama","url":"http://dummyimage.com/196x100.png/dddddd/000000","price":64},
{"name":"Documentary|Musical","url":"http://dummyimage.com/113x100.png/5fa2dd/ffffff","price":76},
{"name":"Drama","url":"http://dummyimage.com/187x100.png/dddddd/000000","price":19},
{"name":"Adventure|Crime|Drama","url":"http://dummyimage.com/215x100.png/cc0000/ffffff","price":83},
{"name":"Drama","url":"http://dummyimage.com/221x100.png/5fa2dd/ffffff","price":99},
{"name":"Comedy","url":"http://dummyimage.com/168x100.png/5fa2dd/ffffff","price":97},
{"name":"Drama|Romance","url":"http://dummyimage.com/220x100.png/cc0000/ffffff","price":79},
{"name":"Comedy|Drama|Romance","url":"http://dummyimage.com/183x100.png/5fa2dd/ffffff","price":4},
{"name":"Comedy|Drama|Romance","url":"http://dummyimage.com/187x100.png/dddddd/000000","price":95},
{"name":"Comedy|War","url":"http://dummyimage.com/146x100.png/ff4444/ffffff","price":63},
{"name":"Action|Comedy|Horror","url":"http://dummyimage.com/193x100.png/ff4444/ffffff","price":20},
{"name":"Adventure|Crime|Mystery|Romance","url":"http://dummyimage.com/185x100.png/dddddd/000000","price":60},
{"name":"Action|Sci-Fi","url":"http://dummyimage.com/125x100.png/dddddd/000000","price":97},
{"name":"Drama","url":"http://dummyimage.com/203x100.png/dddddd/000000","price":1},
{"name":"Comedy","url":"http://dummyimage.com/243x100.png/dddddd/000000","price":23},
{"name":"Horror|Thriller","url":"http://dummyimage.com/107x100.png/ff4444/ffffff","price":98},
{"name":"Action|Comedy|Drama|Romance","url":"http://dummyimage.com/140x100.png/dddddd/000000","price":12},
{"name":"Comedy|Horror","url":"http://dummyimage.com/166x100.png/5fa2dd/ffffff","price":97},
{"name":"Drama|Thriller","url":"http://dummyimage.com/147x100.png/5fa2dd/ffffff","price":55},
{"name":"Comedy|Drama|Musical","url":"http://dummyimage.com/121x100.png/5fa2dd/ffffff","price":22},
{"name":"Drama","url":"http://dummyimage.com/141x100.png/cc0000/ffffff","price":47},
{"name":"Comedy|Horror|Thriller","url":"http://dummyimage.com/208x100.png/cc0000/ffffff","price":25},
{"name":"Horror|Sci-Fi|Thriller","url":"http://dummyimage.com/168x100.png/5fa2dd/ffffff","price":98},
{"name":"Comedy","url":"http://dummyimage.com/123x100.png/5fa2dd/ffffff","price":81},
{"name":"Action|Drama","url":"http://dummyimage.com/237x100.png/ff4444/ffffff","price":47},
{"name":"Drama","url":"http://dummyimage.com/123x100.png/5fa2dd/ffffff","price":33},
{"name":"Crime|Horror|Thriller","url":"http://dummyimage.com/147x100.png/5fa2dd/ffffff","price":6},
{"name":"Comedy","url":"http://dummyimage.com/230x100.png/dddddd/000000","price":39},
{"name":"Crime|Drama|Film-Noir|Romance","url":"http://dummyimage.com/211x100.png/5fa2dd/ffffff","price":27},
{"name":"Crime|Mystery","url":"http://dummyimage.com/206x100.png/cc0000/ffffff","price":22},
{"name":"Comedy|Romance","url":"http://dummyimage.com/112x100.png/dddddd/000000","price":82},
{"name":"Drama|Romance|Thriller","url":"http://dummyimage.com/168x100.png/dddddd/000000","price":48},
{"name":"Documentary","url":"http://dummyimage.com/220x100.png/5fa2dd/ffffff","price":53},
{"name":"Comedy","url":"http://dummyimage.com/238x100.png/cc0000/ffffff","price":95},
{"name":"Drama|Mystery|Thriller","url":"http://dummyimage.com/250x100.png/ff4444/ffffff","price":80},
{"name":"(no genres listed)","url":"http://dummyimage.com/151x100.png/5fa2dd/ffffff","price":5},
{"name":"Crime|Drama","url":"http://dummyimage.com/206x100.png/ff4444/ffffff","price":38},
{"name":"Comedy|Romance","url":"http://dummyimage.com/190x100.png/5fa2dd/ffffff","price":73},
{"name":"Action","url":"http://dummyimage.com/219x100.png/5fa2dd/ffffff","price":49},
{"name":"Animation|Children","url":"http://dummyimage.com/193x100.png/dddddd/000000","price":5},
{"name":"Horror","url":"http://dummyimage.com/209x100.png/dddddd/000000","price":85},
{"name":"Comedy|Musical|Romance","url":"http://dummyimage.com/236x100.png/ff4444/ffffff","price":82},
{"name":"Documentary|Drama","url":"http://dummyimage.com/224x100.png/dddddd/000000","price":47},
{"name":"Documentary","url":"http://dummyimage.com/223x100.png/ff4444/ffffff","price":24},
{"name":"Documentary","url":"http://dummyimage.com/135x100.png/5fa2dd/ffffff","price":10},
{"name":"Drama","url":"http://dummyimage.com/167x100.png/dddddd/000000","price":48},
{"name":"Adventure|Sci-Fi","url":"http://dummyimage.com/238x100.png/dddddd/000000","price":29},
{"name":"Drama","url":"http://dummyimage.com/204x100.png/cc0000/ffffff","price":45},
{"name":"Documentary","url":"http://dummyimage.com/178x100.png/ff4444/ffffff","price":77},
{"name":"Comedy","url":"http://dummyimage.com/167x100.png/5fa2dd/ffffff","price":34},
{"name":"Comedy","url":"http://dummyimage.com/225x100.png/dddddd/000000","price":68},
{"name":"Action|Adventure","url":"http://dummyimage.com/109x100.png/cc0000/ffffff","price":44},
{"name":"Drama|Horror|Thriller","url":"http://dummyimage.com/231x100.png/dddddd/000000","price":18},
{"name":"Adventure|Drama|Romance","url":"http://dummyimage.com/116x100.png/cc0000/ffffff","price":33},
{"name":"Horror","url":"http://dummyimage.com/132x100.png/cc0000/ffffff","price":78},
{"name":"Comedy","url":"http://dummyimage.com/231x100.png/ff4444/ffffff","price":58},
{"name":"Documentary","url":"http://dummyimage.com/197x100.png/ff4444/ffffff","price":59},
{"name":"Drama","url":"http://dummyimage.com/216x100.png/cc0000/ffffff","price":15},
{"name":"Drama","url":"http://dummyimage.com/161x100.png/ff4444/ffffff","price":31},
{"name":"Crime|Drama|Romance","url":"http://dummyimage.com/131x100.png/cc0000/ffffff","price":71},
{"name":"Drama","url":"http://dummyimage.com/111x100.png/ff4444/ffffff","price":23},
{"name":"Crime|Thriller","url":"http://dummyimage.com/164x100.png/dddddd/000000","price":89},
{"name":"Comedy|Musical","url":"http://dummyimage.com/120x100.png/cc0000/ffffff","price":19},
{"name":"Drama","url":"http://dummyimage.com/118x100.png/dddddd/000000","price":99},
{"name":"Horror","url":"http://dummyimage.com/106x100.png/5fa2dd/ffffff","price":43},
{"name":"Crime|Horror|Mystery|Sci-Fi|Thriller","url":"http://dummyimage.com/168x100.png/ff4444/ffffff","price":45},
{"name":"(no genres listed)","url":"http://dummyimage.com/125x100.png/ff4444/ffffff","price":37},
{"name":"Comedy|Romance","url":"http://dummyimage.com/118x100.png/dddddd/000000","price":7},
{"name":"Drama","url":"http://dummyimage.com/139x100.png/ff4444/ffffff","price":81},
{"name":"Comedy","url":"http://dummyimage.com/114x100.png/ff4444/ffffff","price":54},
{"name":"Comedy|Horror","url":"http://dummyimage.com/232x100.png/ff4444/ffffff","price":57},
{"name":"Documentary","url":"http://dummyimage.com/120x100.png/5fa2dd/ffffff","price":86},
{"name":"Crime|Drama|Fantasy|Romance|Thriller","url":"http://dummyimage.com/123x100.png/5fa2dd/ffffff","price":41},
{"name":"Comedy","url":"http://dummyimage.com/174x100.png/cc0000/ffffff","price":23},
{"name":"Drama","url":"http://dummyimage.com/229x100.png/ff4444/ffffff","price":37},
{"name":"Action|Adventure|Animation|Horror|Sci-Fi","url":"http://dummyimage.com/132x100.png/5fa2dd/ffffff","price":28},
{"name":"Comedy|Musical","url":"http://dummyimage.com/147x100.png/5fa2dd/ffffff","price":94},
{"name":"Comedy|Crime|Drama|Romance","url":"http://dummyimage.com/206x100.png/dddddd/000000","price":69},
{"name":"Drama|Thriller","url":"http://dummyimage.com/158x100.png/cc0000/ffffff","price":89},
{"name":"Drama","url":"http://dummyimage.com/194x100.png/cc0000/ffffff","price":2},
{"name":"Comedy","url":"http://dummyimage.com/231x100.png/cc0000/ffffff","price":67},
{"name":"Comedy","url":"http://dummyimage.com/162x100.png/dddddd/000000","price":69},
{"name":"Comedy|Drama|Musical|Mystery","url":"http://dummyimage.com/145x100.png/ff4444/ffffff","price":69},
{"name":"Drama","url":"http://dummyimage.com/118x100.png/5fa2dd/ffffff","price":37},
{"name":"Comedy","url":"http://dummyimage.com/166x100.png/cc0000/ffffff","price":40},
{"name":"Documentary|War","url":"http://dummyimage.com/116x100.png/ff4444/ffffff","price":20},
{"name":"Drama","url":"http://dummyimage.com/132x100.png/cc0000/ffffff","price":80},
{"name":"Action|Animation|Children|Comedy|Fantasy","url":"http://dummyimage.com/205x100.png/dddddd/000000","price":60},
{"name":"Drama","url":"http://dummyimage.com/212x100.png/dddddd/000000","price":74},
{"name":"Crime|Film-Noir|Thriller","url":"http://dummyimage.com/165x100.png/ff4444/ffffff","price":75},
{"name":"Musical|Romance","url":"http://dummyimage.com/229x100.png/5fa2dd/ffffff","price":3},
{"name":"Drama|Musical|Thriller","url":"http://dummyimage.com/243x100.png/dddddd/000000","price":27},
{"name":"Documentary","url":"http://dummyimage.com/118x100.png/5fa2dd/ffffff","price":32},
{"name":"Horror","url":"http://dummyimage.com/154x100.png/cc0000/ffffff","price":50},
{"name":"Children|Drama","url":"http://dummyimage.com/210x100.png/ff4444/ffffff","price":91},
{"name":"Action|Drama|Sci-Fi","url":"http://dummyimage.com/244x100.png/cc0000/ffffff","price":64},
{"name":"Comedy|Crime|Mystery|Thriller","url":"http://dummyimage.com/157x100.png/cc0000/ffffff","price":10},
{"name":"Action|Horror|Mystery|Thriller","url":"http://dummyimage.com/204x100.png/cc0000/ffffff","price":91},
{"name":"Documentary","url":"http://dummyimage.com/122x100.png/ff4444/ffffff","price":41},
{"name":"Crime","url":"http://dummyimage.com/112x100.png/cc0000/ffffff","price":59},
{"name":"Adventure|Comedy","url":"http://dummyimage.com/245x100.png/cc0000/ffffff","price":11},
{"name":"Documentary|Drama","url":"http://dummyimage.com/219x100.png/dddddd/000000","price":90},
{"name":"Documentary","url":"http://dummyimage.com/188x100.png/cc0000/ffffff","price":27},
{"name":"Comedy|Drama|Romance","url":"http://dummyimage.com/224x100.png/5fa2dd/ffffff","price":76},
{"name":"Comedy","url":"http://dummyimage.com/118x100.png/dddddd/000000","price":13},
{"name":"Drama","url":"http://dummyimage.com/151x100.png/ff4444/ffffff","price":66},
{"name":"Drama|Sci-Fi","url":"http://dummyimage.com/218x100.png/5fa2dd/ffffff","price":81},
{"name":"Horror","url":"http://dummyimage.com/237x100.png/cc0000/ffffff","price":90},
{"name":"Drama","url":"http://dummyimage.com/244x100.png/ff4444/ffffff","price":55},
{"name":"Drama|Thriller|War","url":"http://dummyimage.com/230x100.png/5fa2dd/ffffff","price":99},
{"name":"Horror","url":"http://dummyimage.com/162x100.png/cc0000/ffffff","price":50},
{"name":"Comedy","url":"http://dummyimage.com/212x100.png/5fa2dd/ffffff","price":90},
{"name":"Comedy|Drama","url":"http://dummyimage.com/218x100.png/5fa2dd/ffffff","price":23},
{"name":"Crime|Drama|Film-Noir|Thriller","url":"http://dummyimage.com/214x100.png/5fa2dd/ffffff","price":80},
{"name":"(no genres listed)","url":"http://dummyimage.com/144x100.png/5fa2dd/ffffff","price":8},
{"name":"Children|Drama","url":"http://dummyimage.com/233x100.png/ff4444/ffffff","price":81},
{"name":"Drama|Sci-Fi|Thriller","url":"http://dummyimage.com/141x100.png/dddddd/000000","price":86},
{"name":"Horror|Thriller","url":"http://dummyimage.com/208x100.png/ff4444/ffffff","price":83},
{"name":"Documentary","url":"http://dummyimage.com/204x100.png/5fa2dd/ffffff","price":100},
{"name":"Drama","url":"http://dummyimage.com/133x100.png/5fa2dd/ffffff","price":77},
{"name":"Horror","url":"http://dummyimage.com/160x100.png/cc0000/ffffff","price":28},
{"name":"Action|Adventure|Crime|Drama|Western","url":"http://dummyimage.com/115x100.png/dddddd/000000","price":13},
{"name":"Drama|Romance","url":"http://dummyimage.com/221x100.png/cc0000/ffffff","price":98},
{"name":"Action","url":"http://dummyimage.com/237x100.png/cc0000/ffffff","price":24},
{"name":"Comedy","url":"http://dummyimage.com/245x100.png/dddddd/000000","price":94},
{"name":"Drama|Romance","url":"http://dummyimage.com/202x100.png/ff4444/ffffff","price":36},
{"name":"Thriller","url":"http://dummyimage.com/237x100.png/dddddd/000000","price":29},
{"name":"Action|Drama","url":"http://dummyimage.com/104x100.png/cc0000/ffffff","price":59},
{"name":"Drama","url":"http://dummyimage.com/143x100.png/ff4444/ffffff","price":2},
{"name":"Drama|Thriller","url":"http://dummyimage.com/122x100.png/5fa2dd/ffffff","price":65},
{"name":"Drama|Romance","url":"http://dummyimage.com/135x100.png/dddddd/000000","price":18},
{"name":"Comedy","url":"http://dummyimage.com/142x100.png/5fa2dd/ffffff","price":34},
{"name":"Comedy|Musical|Romance","url":"http://dummyimage.com/150x100.png/5fa2dd/ffffff","price":77},
{"name":"Comedy|Romance","url":"http://dummyimage.com/149x100.png/ff4444/ffffff","price":63},
{"name":"Adventure|Children|Drama","url":"http://dummyimage.com/117x100.png/dddddd/000000","price":34},
{"name":"Comedy","url":"http://dummyimage.com/142x100.png/5fa2dd/ffffff","price":34},
{"name":"Comedy|Drama","url":"http://dummyimage.com/200x100.png/cc0000/ffffff","price":44},
{"name":"Action|Crime|Drama","url":"http://dummyimage.com/222x100.png/ff4444/ffffff","price":36},
{"name":"Action|Adventure|Thriller","url":"http://dummyimage.com/151x100.png/dddddd/000000","price":54},
{"name":"Film-Noir","url":"http://dummyimage.com/178x100.png/5fa2dd/ffffff","price":75},
{"name":"Action|Drama|Thriller","url":"http://dummyimage.com/144x100.png/5fa2dd/ffffff","price":6},
{"name":"Crime|Drama|Thriller","url":"http://dummyimage.com/150x100.png/dddddd/000000","price":64},
{"name":"Drama|Thriller|War","url":"http://dummyimage.com/221x100.png/ff4444/ffffff","price":91},
{"name":"Drama","url":"http://dummyimage.com/197x100.png/dddddd/000000","price":53},
{"name":"Comedy","url":"http://dummyimage.com/166x100.png/dddddd/000000","price":83},
{"name":"Action|Comedy|Crime|Thriller","url":"http://dummyimage.com/238x100.png/5fa2dd/ffffff","price":22},
{"name":"Drama","url":"http://dummyimage.com/238x100.png/5fa2dd/ffffff","price":55},
{"name":"Drama","url":"http://dummyimage.com/202x100.png/dddddd/000000","price":58},
{"name":"Drama","url":"http://dummyimage.com/175x100.png/cc0000/ffffff","price":84},
{"name":"Drama|Musical","url":"http://dummyimage.com/161x100.png/5fa2dd/ffffff","price":94},
{"name":"Drama","url":"http://dummyimage.com/156x100.png/ff4444/ffffff","price":75},
{"name":"Children|Comedy","url":"http://dummyimage.com/148x100.png/ff4444/ffffff","price":57},
{"name":"Drama|Romance|Western","url":"http://dummyimage.com/202x100.png/5fa2dd/ffffff","price":13},
{"name":"Drama|Horror|Thriller","url":"http://dummyimage.com/117x100.png/dddddd/000000","price":70},
{"name":"Comedy","url":"http://dummyimage.com/139x100.png/cc0000/ffffff","price":64},
{"name":"Crime|Film-Noir","url":"http://dummyimage.com/143x100.png/5fa2dd/ffffff","price":70},
{"name":"Drama|Romance","url":"http://dummyimage.com/184x100.png/ff4444/ffffff","price":22},
{"name":"Horror","url":"http://dummyimage.com/150x100.png/ff4444/ffffff","price":48},
{"name":"Horror","url":"http://dummyimage.com/210x100.png/ff4444/ffffff","price":89},
{"name":"Action|Adventure|Comedy|Drama|Thriller","url":"http://dummyimage.com/180x100.png/ff4444/ffffff","price":30},
{"name":"Crime|Drama|Film-Noir","url":"http://dummyimage.com/124x100.png/dddddd/000000","price":32},
{"name":"Comedy|Drama","url":"http://dummyimage.com/178x100.png/cc0000/ffffff","price":98},
{"name":"Drama|Romance","url":"http://dummyimage.com/203x100.png/ff4444/ffffff","price":81},
{"name":"Documentary","url":"http://dummyimage.com/104x100.png/cc0000/ffffff","price":8},
{"name":"Musical","url":"http://dummyimage.com/170x100.png/ff4444/ffffff","price":27},
{"name":"Comedy|Drama|Romance","url":"http://dummyimage.com/191x100.png/cc0000/ffffff","price":23},
{"name":"Drama|War","url":"http://dummyimage.com/245x100.png/dddddd/000000","price":47},
{"name":"Horror","url":"http://dummyimage.com/240x100.png/cc0000/ffffff","price":95},
{"name":"Comedy|Drama","url":"http://dummyimage.com/171x100.png/dddddd/000000","price":44},
{"name":"Drama","url":"http://dummyimage.com/213x100.png/dddddd/000000","price":18},
{"name":"Comedy|Drama","url":"http://dummyimage.com/193x100.png/dddddd/000000","price":50},
{"name":"Documentary","url":"http://dummyimage.com/136x100.png/cc0000/ffffff","price":84},
{"name":"Action|Adventure|Comedy|Thriller","url":"http://dummyimage.com/166x100.png/dddddd/000000","price":74},
{"name":"Action|Comedy|Crime|Drama","url":"http://dummyimage.com/157x100.png/ff4444/ffffff","price":47},
{"name":"Drama","url":"http://dummyimage.com/147x100.png/5fa2dd/ffffff","price":41},
{"name":"Drama","url":"http://dummyimage.com/103x100.png/5fa2dd/ffffff","price":6},
{"name":"Drama|Thriller","url":"http://dummyimage.com/149x100.png/ff4444/ffffff","price":42},
{"name":"Comedy|Drama","url":"http://dummyimage.com/108x100.png/ff4444/ffffff","price":6},
{"name":"Comedy|Drama","url":"http://dummyimage.com/129x100.png/ff4444/ffffff","price":29},
{"name":"Western","url":"http://dummyimage.com/242x100.png/5fa2dd/ffffff","price":24},
{"name":"Comedy|Drama","url":"http://dummyimage.com/238x100.png/cc0000/ffffff","price":29},
{"name":"Comedy|Drama|Romance","url":"http://dummyimage.com/101x100.png/5fa2dd/ffffff","price":27},
{"name":"Comedy|Drama","url":"http://dummyimage.com/221x100.png/dddddd/000000","price":70},
{"name":"Drama|War","url":"http://dummyimage.com/233x100.png/cc0000/ffffff","price":73},
{"name":"Comedy","url":"http://dummyimage.com/239x100.png/ff4444/ffffff","price":56},
{"name":"Adventure|Animation","url":"http://dummyimage.com/164x100.png/5fa2dd/ffffff","price":67},
{"name":"Adventure","url":"http://dummyimage.com/250x100.png/dddddd/000000","price":57},
{"name":"Crime|Drama|Thriller","url":"http://dummyimage.com/105x100.png/ff4444/ffffff","price":37},
{"name":"Western","url":"http://dummyimage.com/168x100.png/ff4444/ffffff","price":66},
{"name":"Drama|Horror|Thriller","url":"http://dummyimage.com/102x100.png/5fa2dd/ffffff","price":4},
{"name":"Comedy","url":"http://dummyimage.com/168x100.png/cc0000/ffffff","price":66},
{"name":"Romance","url":"http://dummyimage.com/241x100.png/cc0000/ffffff","price":79},
{"name":"Comedy|Drama","url":"http://dummyimage.com/108x100.png/5fa2dd/ffffff","price":34},
{"name":"Crime|Drama|Mystery|Thriller","url":"http://dummyimage.com/170x100.png/dddddd/000000","price":38},
{"name":"Drama","url":"http://dummyimage.com/218x100.png/cc0000/ffffff","price":64},
{"name":"Action|Adventure|Drama","url":"http://dummyimage.com/140x100.png/cc0000/ffffff","price":25},
{"name":"Action|Sci-Fi|Thriller","url":"http://dummyimage.com/151x100.png/5fa2dd/ffffff","price":51},
{"name":"Comedy","url":"http://dummyimage.com/188x100.png/dddddd/000000","price":37},
{"name":"Crime|Drama","url":"http://dummyimage.com/173x100.png/ff4444/ffffff","price":27},
{"name":"Comedy|Romance","url":"http://dummyimage.com/144x100.png/5fa2dd/ffffff","price":83},
{"name":"Crime|Drama|Romance","url":"http://dummyimage.com/190x100.png/5fa2dd/ffffff","price":51},
{"name":"Drama|Romance","url":"http://dummyimage.com/133x100.png/5fa2dd/ffffff","price":50},
{"name":"Action|Adventure|Children|Comedy|Crime","url":"http://dummyimage.com/101x100.png/dddddd/000000","price":21},
{"name":"Comedy|Romance","url":"http://dummyimage.com/180x100.png/5fa2dd/ffffff","price":47},
{"name":"Action|Crime|Drama|Sci-Fi|Thriller","url":"http://dummyimage.com/111x100.png/dddddd/000000","price":15},
{"name":"Action|Comedy","url":"http://dummyimage.com/144x100.png/5fa2dd/ffffff","price":9},
{"name":"Action|Drama|Thriller","url":"http://dummyimage.com/100x100.png/cc0000/ffffff","price":79},
{"name":"Comedy|Drama|Romance","url":"http://dummyimage.com/176x100.png/ff4444/ffffff","price":31},
{"name":"Drama","url":"http://dummyimage.com/119x100.png/ff4444/ffffff","price":98},
{"name":"Documentary","url":"http://dummyimage.com/206x100.png/ff4444/ffffff","price":98},
{"name":"Drama|Romance","url":"http://dummyimage.com/152x100.png/dddddd/000000","price":100},
{"name":"Drama","url":"http://dummyimage.com/199x100.png/dddddd/000000","price":17},
{"name":"Crime|Drama","url":"http://dummyimage.com/236x100.png/ff4444/ffffff","price":93},
{"name":"Animation|Fantasy|Musical","url":"http://dummyimage.com/117x100.png/dddddd/000000","price":57},
{"name":"Action|War","url":"http://dummyimage.com/171x100.png/dddddd/000000","price":36},
{"name":"Comedy","url":"http://dummyimage.com/128x100.png/dddddd/000000","price":13},
{"name":"Drama|Romance|War","url":"http://dummyimage.com/112x100.png/cc0000/ffffff","price":74},
{"name":"Drama","url":"http://dummyimage.com/141x100.png/ff4444/ffffff","price":77},
{"name":"Horror|Mystery","url":"http://dummyimage.com/215x100.png/cc0000/ffffff","price":47},
{"name":"Comedy","url":"http://dummyimage.com/152x100.png/dddddd/000000","price":71},
{"name":"Drama|War","url":"http://dummyimage.com/250x100.png/5fa2dd/ffffff","price":76},
{"name":"Drama|Film-Noir","url":"http://dummyimage.com/153x100.png/cc0000/ffffff","price":29},
{"name":"Comedy","url":"http://dummyimage.com/185x100.png/dddddd/000000","price":95},
{"name":"Drama","url":"http://dummyimage.com/182x100.png/cc0000/ffffff","price":29},
{"name":"Documentary","url":"http://dummyimage.com/225x100.png/cc0000/ffffff","price":73},
{"name":"Drama|War","url":"http://dummyimage.com/121x100.png/5fa2dd/ffffff","price":99},
{"name":"Comedy","url":"http://dummyimage.com/116x100.png/5fa2dd/ffffff","price":63},
{"name":"Action|Sci-Fi","url":"http://dummyimage.com/239x100.png/5fa2dd/ffffff","price":81},
{"name":"Musical","url":"http://dummyimage.com/186x100.png/cc0000/ffffff","price":94},
{"name":"Drama","url":"http://dummyimage.com/217x100.png/ff4444/ffffff","price":25},
{"name":"Drama","url":"http://dummyimage.com/236x100.png/cc0000/ffffff","price":88},
{"name":"Animation|Children|Comedy","url":"http://dummyimage.com/162x100.png/ff4444/ffffff","price":34},
{"name":"Crime|Drama","url":"http://dummyimage.com/171x100.png/ff4444/ffffff","price":44},
{"name":"Drama|Mystery|Thriller","url":"http://dummyimage.com/169x100.png/dddddd/000000","price":26},
{"name":"Drama|Romance","url":"http://dummyimage.com/196x100.png/ff4444/ffffff","price":45},
{"name":"Drama|Musical|Romance|Sci-Fi","url":"http://dummyimage.com/191x100.png/ff4444/ffffff","price":80},
{"name":"Drama","url":"http://dummyimage.com/241x100.png/cc0000/ffffff","price":55},
{"name":"Drama","url":"http://dummyimage.com/192x100.png/ff4444/ffffff","price":68},
{"name":"Comedy","url":"http://dummyimage.com/141x100.png/dddddd/000000","price":30},
{"name":"Fantasy|Horror|Sci-Fi|Thriller","url":"http://dummyimage.com/218x100.png/cc0000/ffffff","price":33},
{"name":"Crime|Thriller","url":"http://dummyimage.com/194x100.png/dddddd/000000","price":85},
{"name":"Crime|Drama","url":"http://dummyimage.com/135x100.png/5fa2dd/ffffff","price":32},
{"name":"Comedy|Crime|Mystery|Romance","url":"http://dummyimage.com/127x100.png/cc0000/ffffff","price":26},
{"name":"(no genres listed)","url":"http://dummyimage.com/192x100.png/dddddd/000000","price":8},
{"name":"Documentary|Musical|War","url":"http://dummyimage.com/120x100.png/dddddd/000000","price":72},
{"name":"Action|Mystery","url":"http://dummyimage.com/225x100.png/5fa2dd/ffffff","price":97},
{"name":"Horror","url":"http://dummyimage.com/200x100.png/5fa2dd/ffffff","price":97},
{"name":"Documentary|Musical","url":"http://dummyimage.com/135x100.png/ff4444/ffffff","price":87},
{"name":"Crime|Drama|Romance","url":"http://dummyimage.com/169x100.png/ff4444/ffffff","price":62},
{"name":"Animation|Children|Comedy|Fantasy","url":"http://dummyimage.com/232x100.png/ff4444/ffffff","price":4},
{"name":"Drama","url":"http://dummyimage.com/237x100.png/ff4444/ffffff","price":45},
{"name":"Comedy","url":"http://dummyimage.com/152x100.png/cc0000/ffffff","price":95},
{"name":"Children|Horror|Mystery|Thriller","url":"http://dummyimage.com/188x100.png/5fa2dd/ffffff","price":69},
{"name":"Drama","url":"http://dummyimage.com/243x100.png/cc0000/ffffff","price":79},
{"name":"Action|Adventure|Comedy|Crime","url":"http://dummyimage.com/173x100.png/cc0000/ffffff","price":100},
{"name":"Crime|Drama|Thriller","url":"http://dummyimage.com/193x100.png/ff4444/ffffff","price":60},
{"name":"Drama|Sci-Fi","url":"http://dummyimage.com/113x100.png/cc0000/ffffff","price":16},
{"name":"Drama","url":"http://dummyimage.com/233x100.png/ff4444/ffffff","price":40},
{"name":"Adventure|Drama|Thriller","url":"http://dummyimage.com/235x100.png/5fa2dd/ffffff","price":58},
{"name":"Horror","url":"http://dummyimage.com/249x100.png/cc0000/ffffff","price":51},
{"name":"Crime|Drama|Thriller","url":"http://dummyimage.com/110x100.png/cc0000/ffffff","price":88},
{"name":"Comedy","url":"http://dummyimage.com/162x100.png/cc0000/ffffff","price":99},
{"name":"Horror|Sci-Fi","url":"http://dummyimage.com/223x100.png/5fa2dd/ffffff","price":27},
{"name":"Drama","url":"http://dummyimage.com/212x100.png/5fa2dd/ffffff","price":8},
{"name":"Action|Drama|War","url":"http://dummyimage.com/203x100.png/ff4444/ffffff","price":40},
{"name":"Crime|Drama","url":"http://dummyimage.com/208x100.png/ff4444/ffffff","price":49},
{"name":"Crime|Drama","url":"http://dummyimage.com/237x100.png/ff4444/ffffff","price":67},
{"name":"Horror|Thriller","url":"http://dummyimage.com/102x100.png/cc0000/ffffff","price":52},
{"name":"Drama","url":"http://dummyimage.com/146x100.png/5fa2dd/ffffff","price":19},
{"name":"Documentary","url":"http://dummyimage.com/231x100.png/cc0000/ffffff","price":52},
{"name":"Action|Adventure|Sci-Fi","url":"http://dummyimage.com/149x100.png/ff4444/ffffff","price":72},
{"name":"Drama","url":"http://dummyimage.com/148x100.png/5fa2dd/ffffff","price":90},
{"name":"Comedy|Drama|Fantasy","url":"http://dummyimage.com/227x100.png/cc0000/ffffff","price":4},
{"name":"Drama","url":"http://dummyimage.com/137x100.png/ff4444/ffffff","price":31},
{"name":"Comedy","url":"http://dummyimage.com/168x100.png/ff4444/ffffff","price":18},
{"name":"Comedy","url":"http://dummyimage.com/115x100.png/cc0000/ffffff","price":3},
{"name":"Adventure|Drama","url":"http://dummyimage.com/203x100.png/cc0000/ffffff","price":82},
{"name":"Sci-Fi|Thriller","url":"http://dummyimage.com/119x100.png/dddddd/000000","price":5},
{"name":"(no genres listed)","url":"http://dummyimage.com/158x100.png/ff4444/ffffff","price":89},
{"name":"Adventure|War","url":"http://dummyimage.com/189x100.png/5fa2dd/ffffff","price":26},
{"name":"Drama","url":"http://dummyimage.com/221x100.png/cc0000/ffffff","price":53},
{"name":"Comedy","url":"http://dummyimage.com/209x100.png/cc0000/ffffff","price":94},
{"name":"Comedy","url":"http://dummyimage.com/170x100.png/5fa2dd/ffffff","price":78},
{"name":"Documentary","url":"http://dummyimage.com/129x100.png/cc0000/ffffff","price":99},
{"name":"Documentary","url":"http://dummyimage.com/196x100.png/5fa2dd/ffffff","price":5},
{"name":"Documentary","url":"http://dummyimage.com/227x100.png/5fa2dd/ffffff","price":82},
{"name":"Thriller","url":"http://dummyimage.com/220x100.png/dddddd/000000","price":82},
{"name":"Action|Sci-Fi|Thriller","url":"http://dummyimage.com/143x100.png/ff4444/ffffff","price":24},
{"name":"Drama|Romance","url":"http://dummyimage.com/221x100.png/5fa2dd/ffffff","price":92},
{"name":"Comedy","url":"http://dummyimage.com/125x100.png/dddddd/000000","price":28},
{"name":"Documentary","url":"http://dummyimage.com/167x100.png/dddddd/000000","price":39},
{"name":"Comedy|Drama|Romance","url":"http://dummyimage.com/137x100.png/cc0000/ffffff","price":74},
{"name":"Documentary","url":"http://dummyimage.com/234x100.png/cc0000/ffffff","price":57},
{"name":"Drama|Horror|Thriller","url":"http://dummyimage.com/168x100.png/cc0000/ffffff","price":87},
{"name":"Drama","url":"http://dummyimage.com/121x100.png/cc0000/ffffff","price":38},
{"name":"Action|Comedy|Drama","url":"http://dummyimage.com/193x100.png/dddddd/000000","price":20},
{"name":"Drama","url":"http://dummyimage.com/120x100.png/ff4444/ffffff","price":94},
{"name":"Action|Drama","url":"http://dummyimage.com/109x100.png/dddddd/000000","price":90},
{"name":"Musical","url":"http://dummyimage.com/155x100.png/ff4444/ffffff","price":91},
{"name":"Drama|Romance","url":"http://dummyimage.com/192x100.png/cc0000/ffffff","price":92},
{"name":"Mystery|Thriller","url":"http://dummyimage.com/215x100.png/ff4444/ffffff","price":5},
{"name":"Sci-Fi","url":"http://dummyimage.com/177x100.png/ff4444/ffffff","price":79},
{"name":"Adventure|Animation|Horror|Sci-Fi|Thriller","url":"http://dummyimage.com/201x100.png/cc0000/ffffff","price":18},
{"name":"Action|Fantasy|Horror|IMAX","url":"http://dummyimage.com/236x100.png/dddddd/000000","price":26},
{"name":"Drama|Romance","url":"http://dummyimage.com/149x100.png/cc0000/ffffff","price":100},
{"name":"Drama","url":"http://dummyimage.com/168x100.png/5fa2dd/ffffff","price":2},
{"name":"Comedy|Drama","url":"http://dummyimage.com/180x100.png/ff4444/ffffff","price":45},
{"name":"Fantasy|Sci-Fi","url":"http://dummyimage.com/182x100.png/ff4444/ffffff","price":7},
{"name":"Comedy|Musical|Romance","url":"http://dummyimage.com/184x100.png/ff4444/ffffff","price":70},
{"name":"Comedy","url":"http://dummyimage.com/150x100.png/cc0000/ffffff","price":52},
{"name":"Comedy","url":"http://dummyimage.com/214x100.png/dddddd/000000","price":11},
{"name":"Drama","url":"http://dummyimage.com/234x100.png/cc0000/ffffff","price":58},
{"name":"Comedy","url":"http://dummyimage.com/107x100.png/dddddd/000000","price":5},
{"name":"Mystery|Thriller","url":"http://dummyimage.com/170x100.png/dddddd/000000","price":74},
{"name":"Comedy|Romance","url":"http://dummyimage.com/135x100.png/cc0000/ffffff","price":8},
{"name":"Action|Sci-Fi","url":"http://dummyimage.com/191x100.png/ff4444/ffffff","price":61},
{"name":"Animation|Drama|Fantasy","url":"http://dummyimage.com/137x100.png/dddddd/000000","price":88},
{"name":"Drama|Horror|Sci-Fi|Thriller","url":"http://dummyimage.com/170x100.png/5fa2dd/ffffff","price":46},
{"name":"Drama","url":"http://dummyimage.com/210x100.png/ff4444/ffffff","price":86},
{"name":"Documentary","url":"http://dummyimage.com/153x100.png/dddddd/000000","price":2},
{"name":"Action|Adventure|Drama|Thriller","url":"http://dummyimage.com/210x100.png/ff4444/ffffff","price":36},
{"name":"Documentary|War","url":"http://dummyimage.com/174x100.png/dddddd/000000","price":55},
{"name":"Adventure|Comedy|Sci-Fi","url":"http://dummyimage.com/218x100.png/dddddd/000000","price":44},
{"name":"Drama","url":"http://dummyimage.com/187x100.png/cc0000/ffffff","price":57},
{"name":"Action|Adventure|Drama|Western","url":"http://dummyimage.com/108x100.png/ff4444/ffffff","price":2},
{"name":"Drama","url":"http://dummyimage.com/186x100.png/5fa2dd/ffffff","price":61},
{"name":"Drama","url":"http://dummyimage.com/234x100.png/dddddd/000000","price":53},
{"name":"Action|Horror|Sci-Fi","url":"http://dummyimage.com/242x100.png/ff4444/ffffff","price":26},
{"name":"Drama","url":"http://dummyimage.com/222x100.png/ff4444/ffffff","price":94},
{"name":"Documentary","url":"http://dummyimage.com/119x100.png/5fa2dd/ffffff","price":89},
{"name":"Documentary","url":"http://dummyimage.com/137x100.png/ff4444/ffffff","price":36},
{"name":"Comedy|Drama","url":"http://dummyimage.com/164x100.png/cc0000/ffffff","price":10},
{"name":"(no genres listed)","url":"http://dummyimage.com/152x100.png/ff4444/ffffff","price":85},
{"name":"Comedy|Romance","url":"http://dummyimage.com/217x100.png/5fa2dd/ffffff","price":63},
{"name":"Action|Crime|Mystery","url":"http://dummyimage.com/203x100.png/cc0000/ffffff","price":50},
{"name":"Drama|Horror|Thriller","url":"http://dummyimage.com/143x100.png/5fa2dd/ffffff","price":50},
{"name":"Action|Drama|Fantasy|Horror|Thriller|War","url":"http://dummyimage.com/109x100.png/dddddd/000000","price":86},
{"name":"Drama","url":"http://dummyimage.com/188x100.png/cc0000/ffffff","price":90},
{"name":"Thriller","url":"http://dummyimage.com/170x100.png/ff4444/ffffff","price":24},
{"name":"Comedy","url":"http://dummyimage.com/247x100.png/ff4444/ffffff","price":53},
{"name":"Western","url":"http://dummyimage.com/161x100.png/ff4444/ffffff","price":59},
{"name":"War","url":"http://dummyimage.com/196x100.png/dddddd/000000","price":53},
{"name":"Crime|Drama|Thriller","url":"http://dummyimage.com/102x100.png/ff4444/ffffff","price":11},
{"name":"Action|Adventure|Thriller","url":"http://dummyimage.com/123x100.png/5fa2dd/ffffff","price":69},
{"name":"Documentary","url":"http://dummyimage.com/239x100.png/ff4444/ffffff","price":39},
{"name":"Documentary","url":"http://dummyimage.com/116x100.png/ff4444/ffffff","price":23},
{"name":"(no genres listed)","url":"http://dummyimage.com/145x100.png/5fa2dd/ffffff","price":32},
{"name":"Crime|Drama|Thriller","url":"http://dummyimage.com/135x100.png/dddddd/000000","price":75},
{"name":"Documentary","url":"http://dummyimage.com/209x100.png/5fa2dd/ffffff","price":1},
{"name":"Drama|Romance","url":"http://dummyimage.com/225x100.png/5fa2dd/ffffff","price":38},
{"name":"Action|Adventure|Sci-Fi","url":"http://dummyimage.com/164x100.png/ff4444/ffffff","price":46},
{"name":"Children|Drama","url":"http://dummyimage.com/192x100.png/ff4444/ffffff","price":1},
{"name":"Action|Crime","url":"http://dummyimage.com/238x100.png/cc0000/ffffff","price":11},
{"name":"Comedy","url":"http://dummyimage.com/107x100.png/cc0000/ffffff","price":36},
{"name":"Comedy","url":"http://dummyimage.com/136x100.png/ff4444/ffffff","price":34},
{"name":"Drama|Romance","url":"http://dummyimage.com/247x100.png/cc0000/ffffff","price":44},
{"name":"Drama|Romance|War","url":"http://dummyimage.com/210x100.png/5fa2dd/ffffff","price":24},
{"name":"Drama|War","url":"http://dummyimage.com/158x100.png/5fa2dd/ffffff","price":88},
{"name":"Drama|Romance|War","url":"http://dummyimage.com/179x100.png/5fa2dd/ffffff","price":50},
{"name":"Drama","url":"http://dummyimage.com/245x100.png/cc0000/ffffff","price":35},
{"name":"Horror|Thriller","url":"http://dummyimage.com/100x100.png/cc0000/ffffff","price":63},
{"name":"Documentary|Sci-Fi","url":"http://dummyimage.com/221x100.png/ff4444/ffffff","price":68},
{"name":"Horror|Sci-Fi","url":"http://dummyimage.com/191x100.png/dddddd/000000","price":96},
{"name":"Drama","url":"http://dummyimage.com/103x100.png/dddddd/000000","price":32},
{"name":"Action|Adventure|Drama|War","url":"http://dummyimage.com/166x100.png/5fa2dd/ffffff","price":79},
{"name":"Action|Drama|Thriller","url":"http://dummyimage.com/217x100.png/dddddd/000000","price":3},
{"name":"Comedy","url":"http://dummyimage.com/227x100.png/dddddd/000000","price":77},
{"name":"Action|Adventure","url":"http://dummyimage.com/220x100.png/5fa2dd/ffffff","price":92},
{"name":"Action|Animation|Drama|Sci-Fi","url":"http://dummyimage.com/109x100.png/dddddd/000000","price":5},
{"name":"Documentary","url":"http://dummyimage.com/146x100.png/ff4444/ffffff","price":93},
{"name":"Horror","url":"http://dummyimage.com/176x100.png/cc0000/ffffff","price":64},
{"name":"Comedy|Romance","url":"http://dummyimage.com/151x100.png/dddddd/000000","price":32},
{"name":"Documentary|Drama","url":"http://dummyimage.com/244x100.png/dddddd/000000","price":76},
{"name":"Drama|Mystery|Thriller","url":"http://dummyimage.com/100x100.png/cc0000/ffffff","price":6},
{"name":"Comedy|Horror","url":"http://dummyimage.com/150x100.png/5fa2dd/ffffff","price":6},
{"name":"Horror","url":"http://dummyimage.com/175x100.png/5fa2dd/ffffff","price":96},
{"name":"Drama","url":"http://dummyimage.com/169x100.png/dddddd/000000","price":40},
{"name":"Comedy|Romance","url":"http://dummyimage.com/172x100.png/cc0000/ffffff","price":37},
{"name":"Drama|Film-Noir","url":"http://dummyimage.com/171x100.png/ff4444/ffffff","price":82},
{"name":"Thriller","url":"http://dummyimage.com/215x100.png/cc0000/ffffff","price":47},
{"name":"Comedy|Romance","url":"http://dummyimage.com/141x100.png/dddddd/000000","price":67},
{"name":"Action|Drama","url":"http://dummyimage.com/176x100.png/dddddd/000000","price":12},
{"name":"Comedy|Romance","url":"http://dummyimage.com/178x100.png/cc0000/ffffff","price":54},
{"name":"Animation|Children|Fantasy","url":"http://dummyimage.com/144x100.png/dddddd/000000","price":70},
{"name":"Crime|Documentary","url":"http://dummyimage.com/159x100.png/dddddd/000000","price":46},
{"name":"Horror|Sci-Fi|Thriller","url":"http://dummyimage.com/203x100.png/ff4444/ffffff","price":24},
{"name":"Thriller","url":"http://dummyimage.com/133x100.png/5fa2dd/ffffff","price":30},
{"name":"Crime|Drama|Thriller","url":"http://dummyimage.com/205x100.png/cc0000/ffffff","price":82},
{"name":"Drama","url":"http://dummyimage.com/144x100.png/cc0000/ffffff","price":33},
{"name":"Adventure|Western","url":"http://dummyimage.com/247x100.png/ff4444/ffffff","price":53},
{"name":"Drama|Horror|Mystery","url":"http://dummyimage.com/178x100.png/5fa2dd/ffffff","price":23},
{"name":"(no genres listed)","url":"http://dummyimage.com/103x100.png/5fa2dd/ffffff","price":70},
{"name":"Drama","url":"http://dummyimage.com/194x100.png/dddddd/000000","price":25},
{"name":"Action|Adventure|Animation|Comedy|Fantasy|Sci-Fi","url":"http://dummyimage.com/224x100.png/5fa2dd/ffffff","price":30},
{"name":"Horror|Thriller","url":"http://dummyimage.com/188x100.png/cc0000/ffffff","price":4},
{"name":"Drama","url":"http://dummyimage.com/110x100.png/ff4444/ffffff","price":54},
{"name":"Animation|Sci-Fi","url":"http://dummyimage.com/170x100.png/5fa2dd/ffffff","price":36},
{"name":"Drama","url":"http://dummyimage.com/210x100.png/dddddd/000000","price":24},
{"name":"Comedy|Sci-Fi","url":"http://dummyimage.com/177x100.png/5fa2dd/ffffff","price":38},
{"name":"Comedy|Romance","url":"http://dummyimage.com/163x100.png/ff4444/ffffff","price":12},
{"name":"Adventure|Drama|Romance","url":"http://dummyimage.com/237x100.png/dddddd/000000","price":61},
{"name":"Comedy|Romance","url":"http://dummyimage.com/152x100.png/dddddd/000000","price":1},
{"name":"Comedy","url":"http://dummyimage.com/249x100.png/ff4444/ffffff","price":91},
{"name":"Comedy","url":"http://dummyimage.com/247x100.png/cc0000/ffffff","price":35},
{"name":"Comedy|Musical","url":"http://dummyimage.com/124x100.png/ff4444/ffffff","price":2},
{"name":"Drama|Romance|War","url":"http://dummyimage.com/137x100.png/ff4444/ffffff","price":43},
{"name":"Comedy|Documentary","url":"http://dummyimage.com/157x100.png/dddddd/000000","price":9},
{"name":"Documentary","url":"http://dummyimage.com/205x100.png/5fa2dd/ffffff","price":50},
{"name":"Drama|Romance","url":"http://dummyimage.com/204x100.png/5fa2dd/ffffff","price":2},
{"name":"Drama|Horror","url":"http://dummyimage.com/112x100.png/dddddd/000000","price":66},
{"name":"Drama","url":"http://dummyimage.com/162x100.png/ff4444/ffffff","price":31},
{"name":"Comedy","url":"http://dummyimage.com/247x100.png/5fa2dd/ffffff","price":62},
{"name":"Comedy|Drama|Romance","url":"http://dummyimage.com/229x100.png/ff4444/ffffff","price":21},
{"name":"Drama|Sci-Fi","url":"http://dummyimage.com/124x100.png/dddddd/000000","price":7},
{"name":"Action|Drama|War","url":"http://dummyimage.com/167x100.png/5fa2dd/ffffff","price":13},
{"name":"Comedy","url":"http://dummyimage.com/153x100.png/dddddd/000000","price":19},
{"name":"Crime|Thriller","url":"http://dummyimage.com/163x100.png/cc0000/ffffff","price":6},
{"name":"Drama|Western","url":"http://dummyimage.com/120x100.png/cc0000/ffffff","price":78},
{"name":"Drama","url":"http://dummyimage.com/169x100.png/5fa2dd/ffffff","price":91},
{"name":"Drama","url":"http://dummyimage.com/185x100.png/5fa2dd/ffffff","price":95},
{"name":"Comedy|Romance","url":"http://dummyimage.com/233x100.png/dddddd/000000","price":87},
{"name":"Horror","url":"http://dummyimage.com/136x100.png/cc0000/ffffff","price":93},
{"name":"Comedy","url":"http://dummyimage.com/212x100.png/dddddd/000000","price":33},
{"name":"Drama|Horror|Sci-Fi","url":"http://dummyimage.com/210x100.png/ff4444/ffffff","price":86},
{"name":"Drama","url":"http://dummyimage.com/103x100.png/dddddd/000000","price":62},
{"name":"Crime|Drama","url":"http://dummyimage.com/148x100.png/dddddd/000000","price":27},
{"name":"Comedy|Drama","url":"http://dummyimage.com/138x100.png/5fa2dd/ffffff","price":25},
{"name":"Horror","url":"http://dummyimage.com/185x100.png/ff4444/ffffff","price":44},
{"name":"Documentary","url":"http://dummyimage.com/100x100.png/dddddd/000000","price":4},
{"name":"Documentary","url":"http://dummyimage.com/191x100.png/cc0000/ffffff","price":52},
{"name":"Comedy|Romance","url":"http://dummyimage.com/133x100.png/5fa2dd/ffffff","price":43},
{"name":"Comedy|Drama","url":"http://dummyimage.com/230x100.png/5fa2dd/ffffff","price":23},
{"name":"Drama|Romance","url":"http://dummyimage.com/211x100.png/cc0000/ffffff","price":23},
{"name":"Animation|Comedy|Fantasy","url":"http://dummyimage.com/130x100.png/cc0000/ffffff","price":59},
{"name":"Drama","url":"http://dummyimage.com/235x100.png/cc0000/ffffff","price":40},
{"name":"Drama|Romance","url":"http://dummyimage.com/210x100.png/cc0000/ffffff","price":92},
{"name":"Comedy","url":"http://dummyimage.com/244x100.png/5fa2dd/ffffff","price":4},
{"name":"Thriller","url":"http://dummyimage.com/120x100.png/5fa2dd/ffffff","price":80},
{"name":"Comedy|Drama","url":"http://dummyimage.com/123x100.png/cc0000/ffffff","price":73},
{"name":"Horror","url":"http://dummyimage.com/215x100.png/dddddd/000000","price":86},
{"name":"Drama","url":"http://dummyimage.com/184x100.png/ff4444/ffffff","price":60},
{"name":"Drama|Musical","url":"http://dummyimage.com/242x100.png/cc0000/ffffff","price":66},
{"name":"Adventure|Children","url":"http://dummyimage.com/214x100.png/5fa2dd/ffffff","price":20},
{"name":"Documentary","url":"http://dummyimage.com/166x100.png/cc0000/ffffff","price":30},
{"name":"Drama","url":"http://dummyimage.com/123x100.png/5fa2dd/ffffff","price":45},
{"name":"Romance|Thriller","url":"http://dummyimage.com/189x100.png/dddddd/000000","price":28},
{"name":"Comedy|Documentary","url":"http://dummyimage.com/227x100.png/ff4444/ffffff","price":41},
{"name":"Western","url":"http://dummyimage.com/117x100.png/5fa2dd/ffffff","price":10},
{"name":"Western","url":"http://dummyimage.com/106x100.png/dddddd/000000","price":14},
{"name":"Sci-Fi","url":"http://dummyimage.com/232x100.png/cc0000/ffffff","price":63},
{"name":"Adventure|Comedy|Sci-Fi","url":"http://dummyimage.com/217x100.png/dddddd/000000","price":36},
{"name":"Documentary","url":"http://dummyimage.com/130x100.png/cc0000/ffffff","price":1},
{"name":"Comedy|Drama|Musical","url":"http://dummyimage.com/187x100.png/cc0000/ffffff","price":44},
{"name":"Adventure","url":"http://dummyimage.com/233x100.png/ff4444/ffffff","price":21},
{"name":"Documentary","url":"http://dummyimage.com/134x100.png/ff4444/ffffff","price":81},
{"name":"Comedy|Drama","url":"http://dummyimage.com/140x100.png/cc0000/ffffff","price":71},
{"name":"Horror|Sci-Fi","url":"http://dummyimage.com/231x100.png/dddddd/000000","price":81},
{"name":"Drama","url":"http://dummyimage.com/234x100.png/ff4444/ffffff","price":21},
{"name":"Crime|Horror|Sci-Fi","url":"http://dummyimage.com/202x100.png/cc0000/ffffff","price":46},
{"name":"Drama|Musical","url":"http://dummyimage.com/225x100.png/5fa2dd/ffffff","price":80},
{"name":"Drama|Horror","url":"http://dummyimage.com/118x100.png/cc0000/ffffff","price":73},
{"name":"Comedy|Drama","url":"http://dummyimage.com/157x100.png/cc0000/ffffff","price":10},
{"name":"Comedy","url":"http://dummyimage.com/202x100.png/cc0000/ffffff","price":83},
{"name":"Horror","url":"http://dummyimage.com/170x100.png/dddddd/000000","price":88},
{"name":"Comedy|Drama|Romance","url":"http://dummyimage.com/215x100.png/ff4444/ffffff","price":7},
{"name":"Crime|Drama|Mystery|Thriller","url":"http://dummyimage.com/212x100.png/ff4444/ffffff","price":25},
{"name":"Drama","url":"http://dummyimage.com/145x100.png/5fa2dd/ffffff","price":13},
{"name":"Action|Comedy|Drama|Thriller","url":"http://dummyimage.com/102x100.png/cc0000/ffffff","price":82},
{"name":"Comedy|Crime|Thriller","url":"http://dummyimage.com/192x100.png/dddddd/000000","price":93},
{"name":"Drama","url":"http://dummyimage.com/196x100.png/dddddd/000000","price":23},
{"name":"Documentary","url":"http://dummyimage.com/248x100.png/cc0000/ffffff","price":29},
{"name":"Documentary","url":"http://dummyimage.com/239x100.png/dddddd/000000","price":28},
{"name":"Crime|Thriller","url":"http://dummyimage.com/174x100.png/5fa2dd/ffffff","price":12},
{"name":"Action|Adventure|Fantasy","url":"http://dummyimage.com/211x100.png/5fa2dd/ffffff","price":100},
{"name":"Adventure|Drama|Romance|War","url":"http://dummyimage.com/226x100.png/5fa2dd/ffffff","price":94},
{"name":"Comedy|Drama","url":"http://dummyimage.com/206x100.png/ff4444/ffffff","price":73},
{"name":"Drama","url":"http://dummyimage.com/105x100.png/dddddd/000000","price":84},
{"name":"Comedy|Horror","url":"http://dummyimage.com/140x100.png/dddddd/000000","price":3},
{"name":"Adventure|Comedy|Sci-Fi","url":"http://dummyimage.com/249x100.png/cc0000/ffffff","price":26},
{"name":"Comedy","url":"http://dummyimage.com/190x100.png/ff4444/ffffff","price":65},
{"name":"Drama|Thriller","url":"http://dummyimage.com/207x100.png/cc0000/ffffff","price":86},
{"name":"Drama","url":"http://dummyimage.com/236x100.png/cc0000/ffffff","price":67},
{"name":"Comedy|Western","url":"http://dummyimage.com/138x100.png/cc0000/ffffff","price":83},
{"name":"Horror","url":"http://dummyimage.com/222x100.png/cc0000/ffffff","price":18},
{"name":"Drama","url":"http://dummyimage.com/245x100.png/dddddd/000000","price":84},
{"name":"Comedy|Horror","url":"http://dummyimage.com/144x100.png/ff4444/ffffff","price":92},
{"name":"Action|Adventure|Fantasy","url":"http://dummyimage.com/124x100.png/ff4444/ffffff","price":82},
{"name":"Comedy|Romance","url":"http://dummyimage.com/177x100.png/cc0000/ffffff","price":98},
{"name":"Action|Crime|Horror|Thriller","url":"http://dummyimage.com/131x100.png/cc0000/ffffff","price":17},
{"name":"Crime|Drama","url":"http://dummyimage.com/214x100.png/5fa2dd/ffffff","price":23},
{"name":"Action|Drama|Thriller|War","url":"http://dummyimage.com/220x100.png/ff4444/ffffff","price":75},
{"name":"Action|Drama|Sci-Fi","url":"http://dummyimage.com/153x100.png/5fa2dd/ffffff","price":46},
{"name":"Comedy","url":"http://dummyimage.com/215x100.png/cc0000/ffffff","price":71},
{"name":"(no genres listed)","url":"http://dummyimage.com/193x100.png/cc0000/ffffff","price":79},
{"name":"Drama|Romance","url":"http://dummyimage.com/109x100.png/cc0000/ffffff","price":4},
{"name":"Adventure|Children|Comedy|Drama","url":"http://dummyimage.com/247x100.png/5fa2dd/ffffff","price":71},
{"name":"Comedy|Drama","url":"http://dummyimage.com/149x100.png/ff4444/ffffff","price":67},
{"name":"Comedy|Drama|Romance","url":"http://dummyimage.com/190x100.png/ff4444/ffffff","price":61},
{"name":"Drama|Romance","url":"http://dummyimage.com/117x100.png/dddddd/000000","price":42},
{"name":"Adventure|Fantasy|Sci-Fi","url":"http://dummyimage.com/164x100.png/dddddd/000000","price":21},
{"name":"Comedy","url":"http://dummyimage.com/124x100.png/cc0000/ffffff","price":59},
{"name":"Comedy|Romance","url":"http://dummyimage.com/248x100.png/dddddd/000000","price":48},
{"name":"Drama","url":"http://dummyimage.com/178x100.png/dddddd/000000","price":99},
{"name":"Action|Sci-Fi","url":"http://dummyimage.com/217x100.png/cc0000/ffffff","price":92},
{"name":"Action|Adventure|Sci-Fi|IMAX","url":"http://dummyimage.com/101x100.png/dddddd/000000","price":41},
{"name":"Drama","url":"http://dummyimage.com/240x100.png/cc0000/ffffff","price":56},
{"name":"Action|Drama|War","url":"http://dummyimage.com/198x100.png/5fa2dd/ffffff","price":88},
{"name":"Drama|Romance|War","url":"http://dummyimage.com/223x100.png/dddddd/000000","price":94},
{"name":"Animation|Children|Fantasy","url":"http://dummyimage.com/124x100.png/cc0000/ffffff","price":35},
{"name":"Action|Drama","url":"http://dummyimage.com/188x100.png/cc0000/ffffff","price":48},
{"name":"Drama","url":"http://dummyimage.com/139x100.png/cc0000/ffffff","price":94},
{"name":"Drama|Thriller","url":"http://dummyimage.com/177x100.png/ff4444/ffffff","price":97},
{"name":"Children|Comedy|Fantasy|Musical","url":"http://dummyimage.com/167x100.png/ff4444/ffffff","price":67},
{"name":"Drama","url":"http://dummyimage.com/218x100.png/cc0000/ffffff","price":20},
{"name":"Documentary","url":"http://dummyimage.com/202x100.png/5fa2dd/ffffff","price":4},
{"name":"Action|Adventure|Comedy","url":"http://dummyimage.com/168x100.png/ff4444/ffffff","price":62},
{"name":"Comedy","url":"http://dummyimage.com/222x100.png/cc0000/ffffff","price":65},
{"name":"Drama|Romance","url":"http://dummyimage.com/148x100.png/5fa2dd/ffffff","price":30},
{"name":"Western","url":"http://dummyimage.com/199x100.png/cc0000/ffffff","price":23},
{"name":"Documentary","url":"http://dummyimage.com/173x100.png/5fa2dd/ffffff","price":49},
{"name":"Comedy|Drama","url":"http://dummyimage.com/203x100.png/5fa2dd/ffffff","price":60},
{"name":"Drama","url":"http://dummyimage.com/184x100.png/5fa2dd/ffffff","price":41},
{"name":"Comedy","url":"http://dummyimage.com/183x100.png/5fa2dd/ffffff","price":26},
{"name":"Comedy","url":"http://dummyimage.com/204x100.png/dddddd/000000","price":3},
{"name":"Drama|Thriller","url":"http://dummyimage.com/226x100.png/5fa2dd/ffffff","price":17},
{"name":"Action","url":"http://dummyimage.com/164x100.png/dddddd/000000","price":71},
{"name":"Animation|Children|Drama","url":"http://dummyimage.com/167x100.png/cc0000/ffffff","price":74},
{"name":"Drama","url":"http://dummyimage.com/217x100.png/dddddd/000000","price":45},
{"name":"Crime|Drama|Thriller","url":"http://dummyimage.com/104x100.png/5fa2dd/ffffff","price":78},
{"name":"Drama","url":"http://dummyimage.com/114x100.png/cc0000/ffffff","price":36},
{"name":"Adventure|Animation|Children|Musical","url":"http://dummyimage.com/219x100.png/5fa2dd/ffffff","price":37},
{"name":"Comedy|Romance","url":"http://dummyimage.com/163x100.png/ff4444/ffffff","price":95},
{"name":"Drama","url":"http://dummyimage.com/187x100.png/ff4444/ffffff","price":46},
{"name":"Drama","url":"http://dummyimage.com/211x100.png/ff4444/ffffff","price":32},
{"name":"Drama","url":"http://dummyimage.com/217x100.png/5fa2dd/ffffff","price":36},
{"name":"Comedy|Crime","url":"http://dummyimage.com/203x100.png/cc0000/ffffff","price":73},
{"name":"Comedy","url":"http://dummyimage.com/186x100.png/ff4444/ffffff","price":65},
{"name":"Adventure|Comedy|Drama|Fantasy","url":"http://dummyimage.com/116x100.png/5fa2dd/ffffff","price":3},
{"name":"Drama","url":"http://dummyimage.com/155x100.png/5fa2dd/ffffff","price":6},
{"name":"Comedy","url":"http://dummyimage.com/229x100.png/cc0000/ffffff","price":84},
{"name":"Drama|Fantasy|War","url":"http://dummyimage.com/119x100.png/dddddd/000000","price":40},
{"name":"Documentary","url":"http://dummyimage.com/111x100.png/dddddd/000000","price":71},
{"name":"Documentary","url":"http://dummyimage.com/144x100.png/5fa2dd/ffffff","price":77},
{"name":"Comedy","url":"http://dummyimage.com/147x100.png/cc0000/ffffff","price":68},
{"name":"Drama","url":"http://dummyimage.com/216x100.png/ff4444/ffffff","price":61},
{"name":"Drama","url":"http://dummyimage.com/199x100.png/dddddd/000000","price":66},
{"name":"Comedy|Drama","url":"http://dummyimage.com/235x100.png/5fa2dd/ffffff","price":70},
{"name":"Drama","url":"http://dummyimage.com/157x100.png/dddddd/000000","price":10},
{"name":"Documentary","url":"http://dummyimage.com/184x100.png/ff4444/ffffff","price":50},
{"name":"Action|Thriller","url":"http://dummyimage.com/200x100.png/dddddd/000000","price":55},
{"name":"Action|Crime|Drama|Romance|Western","url":"http://dummyimage.com/244x100.png/dddddd/000000","price":53},
{"name":"Horror","url":"http://dummyimage.com/113x100.png/cc0000/ffffff","price":79},
{"name":"Adventure|Sci-Fi","url":"http://dummyimage.com/109x100.png/dddddd/000000","price":18},
{"name":"Drama|Musical","url":"http://dummyimage.com/162x100.png/dddddd/000000","price":92},
{"name":"Comedy|Romance","url":"http://dummyimage.com/212x100.png/5fa2dd/ffffff","price":67},
{"name":"Drama","url":"http://dummyimage.com/230x100.png/5fa2dd/ffffff","price":96},
{"name":"Thriller","url":"http://dummyimage.com/203x100.png/ff4444/ffffff","price":32},
{"name":"Crime|Drama|Romance|Thriller","url":"http://dummyimage.com/101x100.png/cc0000/ffffff","price":44},
{"name":"Adventure|War","url":"http://dummyimage.com/122x100.png/cc0000/ffffff","price":55},
{"name":"Crime|Horror|Mystery|Thriller","url":"http://dummyimage.com/207x100.png/cc0000/ffffff","price":94},
{"name":"Action|Adventure|Drama","url":"http://dummyimage.com/181x100.png/5fa2dd/ffffff","price":47},
{"name":"Action","url":"http://dummyimage.com/159x100.png/5fa2dd/ffffff","price":7},
{"name":"Adventure|Horror|Thriller","url":"http://dummyimage.com/100x100.png/5fa2dd/ffffff","price":6},
{"name":"Horror|Thriller","url":"http://dummyimage.com/111x100.png/dddddd/000000","price":50},
{"name":"Action|Mystery|Thriller","url":"http://dummyimage.com/110x100.png/5fa2dd/ffffff","price":61},
{"name":"Comedy|Musical","url":"http://dummyimage.com/193x100.png/dddddd/000000","price":79},
{"name":"Drama","url":"http://dummyimage.com/228x100.png/5fa2dd/ffffff","price":45},
{"name":"Drama","url":"http://dummyimage.com/237x100.png/dddddd/000000","price":18},
{"name":"Comedy","url":"http://dummyimage.com/175x100.png/5fa2dd/ffffff","price":90},
{"name":"Comedy","url":"http://dummyimage.com/101x100.png/5fa2dd/ffffff","price":74},
{"name":"Crime|Drama|Mystery","url":"http://dummyimage.com/110x100.png/5fa2dd/ffffff","price":62},
{"name":"Drama","url":"http://dummyimage.com/236x100.png/cc0000/ffffff","price":72},
{"name":"Comedy|Drama|Romance","url":"http://dummyimage.com/194x100.png/cc0000/ffffff","price":60},
{"name":"Drama","url":"http://dummyimage.com/140x100.png/dddddd/000000","price":100},
{"name":"Documentary","url":"http://dummyimage.com/128x100.png/ff4444/ffffff","price":28},
{"name":"Crime|Drama|Fantasy|Romance|Thriller","url":"http://dummyimage.com/188x100.png/cc0000/ffffff","price":10},
{"name":"Action|Sci-Fi","url":"http://dummyimage.com/129x100.png/5fa2dd/ffffff","price":19},
{"name":"Comedy|Drama|Fantasy|Mystery|Romance","url":"http://dummyimage.com/238x100.png/cc0000/ffffff","price":88},
{"name":"Horror|Thriller","url":"http://dummyimage.com/232x100.png/ff4444/ffffff","price":46},
{"name":"Adventure|Children|Fantasy","url":"http://dummyimage.com/244x100.png/cc0000/ffffff","price":14},
{"name":"Action|Adventure|Sci-Fi|Thriller","url":"http://dummyimage.com/209x100.png/dddddd/000000","price":12},
{"name":"Comedy|Romance","url":"http://dummyimage.com/250x100.png/ff4444/ffffff","price":93},
{"name":"Drama|Musical|Romance","url":"http://dummyimage.com/235x100.png/ff4444/ffffff","price":1},
{"name":"Drama","url":"http://dummyimage.com/115x100.png/dddddd/000000","price":29},
{"name":"Drama","url":"http://dummyimage.com/139x100.png/5fa2dd/ffffff","price":57},
{"name":"Drama","url":"http://dummyimage.com/198x100.png/ff4444/ffffff","price":7},
{"name":"Comedy|Crime|Drama|Romance","url":"http://dummyimage.com/179x100.png/ff4444/ffffff","price":77},
{"name":"Documentary","url":"http://dummyimage.com/159x100.png/ff4444/ffffff","price":61},
{"name":"Drama|Romance","url":"http://dummyimage.com/250x100.png/5fa2dd/ffffff","price":38},
{"name":"Action|Drama|Thriller","url":"http://dummyimage.com/205x100.png/dddddd/000000","price":45},
{"name":"Comedy|Crime|Thriller","url":"http://dummyimage.com/139x100.png/cc0000/ffffff","price":33},
{"name":"Drama|Romance","url":"http://dummyimage.com/219x100.png/cc0000/ffffff","price":70},
{"name":"Action|Crime|Drama|Thriller","url":"http://dummyimage.com/117x100.png/dddddd/000000","price":38},
{"name":"Action|Drama|War|IMAX","url":"http://dummyimage.com/139x100.png/5fa2dd/ffffff","price":49},
{"name":"Drama|Mystery","url":"http://dummyimage.com/236x100.png/5fa2dd/ffffff","price":59},
{"name":"Adventure|Comedy|Fantasy|Sci-Fi","url":"http://dummyimage.com/229x100.png/ff4444/ffffff","price":30},
{"name":"War","url":"http://dummyimage.com/212x100.png/5fa2dd/ffffff","price":56},
{"name":"Drama|Mystery|Romance|Thriller","url":"http://dummyimage.com/217x100.png/5fa2dd/ffffff","price":8},
{"name":"Documentary","url":"http://dummyimage.com/241x100.png/5fa2dd/ffffff","price":97},
{"name":"Documentary","url":"http://dummyimage.com/160x100.png/dddddd/000000","price":41},
{"name":"Drama","url":"http://dummyimage.com/218x100.png/dddddd/000000","price":6},
{"name":"Documentary","url":"http://dummyimage.com/168x100.png/5fa2dd/ffffff","price":27},
{"name":"Documentary","url":"http://dummyimage.com/159x100.png/cc0000/ffffff","price":67},
{"name":"Action|Adventure|Sci-Fi|War","url":"http://dummyimage.com/184x100.png/cc0000/ffffff","price":86},
{"name":"Action|Thriller","url":"http://dummyimage.com/241x100.png/5fa2dd/ffffff","price":62},
{"name":"Action|Adventure|Romance|War","url":"http://dummyimage.com/190x100.png/ff4444/ffffff","price":96},
{"name":"Comedy","url":"http://dummyimage.com/179x100.png/5fa2dd/ffffff","price":49},
{"name":"Crime|Drama","url":"http://dummyimage.com/161x100.png/dddddd/000000","price":84},
{"name":"Comedy","url":"http://dummyimage.com/165x100.png/dddddd/000000","price":78},
{"name":"Fantasy|Romance","url":"http://dummyimage.com/157x100.png/cc0000/ffffff","price":44},
{"name":"Crime|Drama|Romance","url":"http://dummyimage.com/134x100.png/5fa2dd/ffffff","price":45},
{"name":"Horror","url":"http://dummyimage.com/158x100.png/cc0000/ffffff","price":78},
{"name":"(no genres listed)","url":"http://dummyimage.com/227x100.png/cc0000/ffffff","price":46},
{"name":"Drama","url":"http://dummyimage.com/235x100.png/5fa2dd/ffffff","price":18},
{"name":"Action","url":"http://dummyimage.com/130x100.png/cc0000/ffffff","price":35},
{"name":"Drama","url":"http://dummyimage.com/191x100.png/cc0000/ffffff","price":72},
{"name":"Comedy","url":"http://dummyimage.com/168x100.png/ff4444/ffffff","price":24},
{"name":"Drama|Romance","url":"http://dummyimage.com/146x100.png/dddddd/000000","price":39},
{"name":"Comedy|Drama","url":"http://dummyimage.com/220x100.png/cc0000/ffffff","price":49},
{"name":"Drama|Romance","url":"http://dummyimage.com/101x100.png/ff4444/ffffff","price":25},
{"name":"Comedy|Drama","url":"http://dummyimage.com/107x100.png/cc0000/ffffff","price":72},
{"name":"Drama","url":"http://dummyimage.com/183x100.png/dddddd/000000","price":48},
{"name":"Drama|Thriller","url":"http://dummyimage.com/158x100.png/5fa2dd/ffffff","price":81},
{"name":"Comedy","url":"http://dummyimage.com/161x100.png/cc0000/ffffff","price":6},
{"name":"Drama","url":"http://dummyimage.com/119x100.png/5fa2dd/ffffff","price":42},
{"name":"Documentary","url":"http://dummyimage.com/228x100.png/5fa2dd/ffffff","price":64},
{"name":"Comedy|Horror","url":"http://dummyimage.com/192x100.png/ff4444/ffffff","price":57},
{"name":"Drama","url":"http://dummyimage.com/134x100.png/5fa2dd/ffffff","price":17},
{"name":"Comedy|Drama|Romance","url":"http://dummyimage.com/170x100.png/ff4444/ffffff","price":22},
{"name":"Comedy|Drama","url":"http://dummyimage.com/214x100.png/cc0000/ffffff","price":63},
{"name":"Crime|Drama|Romance","url":"http://dummyimage.com/136x100.png/5fa2dd/ffffff","price":30},
{"name":"Romance","url":"http://dummyimage.com/242x100.png/dddddd/000000","price":58},
{"name":"Comedy","url":"http://dummyimage.com/123x100.png/cc0000/ffffff","price":23},
{"name":"Documentary","url":"http://dummyimage.com/214x100.png/5fa2dd/ffffff","price":36},
{"name":"Documentary","url":"http://dummyimage.com/212x100.png/dddddd/000000","price":83},
{"name":"Comedy|Crime","url":"http://dummyimage.com/109x100.png/5fa2dd/ffffff","price":6},
{"name":"Action|Crime","url":"http://dummyimage.com/176x100.png/dddddd/000000","price":51},
{"name":"Action|Adventure|Children","url":"http://dummyimage.com/167x100.png/cc0000/ffffff","price":66},
{"name":"Fantasy|Horror","url":"http://dummyimage.com/152x100.png/ff4444/ffffff","price":96},
{"name":"Crime|Drama|Thriller","url":"http://dummyimage.com/246x100.png/dddddd/000000","price":32},
{"name":"Comedy|Horror|Thriller","url":"http://dummyimage.com/147x100.png/5fa2dd/ffffff","price":35},
{"name":"Horror|Mystery","url":"http://dummyimage.com/228x100.png/dddddd/000000","price":6},
{"name":"Adventure|Animation|Children|Comedy|Drama|Fantasy|Musical|Romance","url":"http://dummyimage.com/120x100.png/cc0000/ffffff","price":55},
{"name":"Comedy","url":"http://dummyimage.com/179x100.png/ff4444/ffffff","price":76},
{"name":"Children|Mystery","url":"http://dummyimage.com/105x100.png/cc0000/ffffff","price":3},
{"name":"Comedy|Horror","url":"http://dummyimage.com/235x100.png/5fa2dd/ffffff","price":78},
{"name":"Comedy","url":"http://dummyimage.com/210x100.png/ff4444/ffffff","price":12},
{"name":"Drama","url":"http://dummyimage.com/226x100.png/ff4444/ffffff","price":42},
{"name":"Comedy","url":"http://dummyimage.com/130x100.png/ff4444/ffffff","price":6},
{"name":"Drama","url":"http://dummyimage.com/109x100.png/ff4444/ffffff","price":31},
{"name":"Documentary|Romance|War","url":"http://dummyimage.com/244x100.png/cc0000/ffffff","price":47},
{"name":"Horror","url":"http://dummyimage.com/112x100.png/5fa2dd/ffffff","price":33},
{"name":"Comedy|Fantasy|Romance","url":"http://dummyimage.com/117x100.png/5fa2dd/ffffff","price":65},
{"name":"Drama","url":"http://dummyimage.com/230x100.png/cc0000/ffffff","price":31},
{"name":"Drama|Romance","url":"http://dummyimage.com/173x100.png/dddddd/000000","price":83},
{"name":"Musical","url":"http://dummyimage.com/100x100.png/cc0000/ffffff","price":6},
{"name":"Adventure|Drama","url":"http://dummyimage.com/145x100.png/ff4444/ffffff","price":58},
{"name":"Comedy|Romance","url":"http://dummyimage.com/243x100.png/cc0000/ffffff","price":25},
{"name":"Thriller","url":"http://dummyimage.com/140x100.png/ff4444/ffffff","price":12},
{"name":"Documentary","url":"http://dummyimage.com/115x100.png/5fa2dd/ffffff","price":22},
{"name":"Comedy|Horror","url":"http://dummyimage.com/157x100.png/dddddd/000000","price":34},
{"name":"Documentary","url":"http://dummyimage.com/110x100.png/5fa2dd/ffffff","price":28},
{"name":"Drama","url":"http://dummyimage.com/228x100.png/5fa2dd/ffffff","price":80},
{"name":"Drama","url":"http://dummyimage.com/215x100.png/dddddd/000000","price":96},
{"name":"Adventure|Children|Drama","url":"http://dummyimage.com/186x100.png/dddddd/000000","price":36},
{"name":"Comedy|Drama","url":"http://dummyimage.com/221x100.png/dddddd/000000","price":14},
{"name":"Horror","url":"http://dummyimage.com/234x100.png/5fa2dd/ffffff","price":40},
{"name":"Documentary","url":"http://dummyimage.com/103x100.png/cc0000/ffffff","price":12},
{"name":"Crime|Drama","url":"http://dummyimage.com/136x100.png/dddddd/000000","price":58},
{"name":"Adventure|Comedy|Crime|Fantasy","url":"http://dummyimage.com/101x100.png/cc0000/ffffff","price":72},
{"name":"Comedy","url":"http://dummyimage.com/160x100.png/ff4444/ffffff","price":48},
{"name":"Drama|Mystery","url":"http://dummyimage.com/240x100.png/dddddd/000000","price":50},
{"name":"Adventure|Animation|Children|Fantasy","url":"http://dummyimage.com/216x100.png/ff4444/ffffff","price":6},
{"name":"Drama|Horror|Sci-Fi","url":"http://dummyimage.com/199x100.png/5fa2dd/ffffff","price":35},
{"name":"Children|Comedy","url":"http://dummyimage.com/187x100.png/ff4444/ffffff","price":28},
{"name":"Comedy|Crime","url":"http://dummyimage.com/140x100.png/dddddd/000000","price":5},
{"name":"Animation|Children|Comedy","url":"http://dummyimage.com/143x100.png/ff4444/ffffff","price":2},
{"name":"Adventure|Children|Fantasy","url":"http://dummyimage.com/223x100.png/5fa2dd/ffffff","price":63},
{"name":"Documentary|Musical","url":"http://dummyimage.com/210x100.png/dddddd/000000","price":56},
{"name":"Action|Adventure|Animation|Horror","url":"http://dummyimage.com/135x100.png/5fa2dd/ffffff","price":95},
{"name":"Action|Adventure|Thriller","url":"http://dummyimage.com/117x100.png/cc0000/ffffff","price":49},
{"name":"Documentary|Drama","url":"http://dummyimage.com/176x100.png/5fa2dd/ffffff","price":44},
{"name":"Animation|Children","url":"http://dummyimage.com/150x100.png/ff4444/ffffff","price":17},
{"name":"Children|Comedy","url":"http://dummyimage.com/165x100.png/cc0000/ffffff","price":41},
{"name":"Comedy","url":"http://dummyimage.com/150x100.png/cc0000/ffffff","price":89},
{"name":"Drama","url":"http://dummyimage.com/204x100.png/ff4444/ffffff","price":79},
{"name":"Drama|Romance","url":"http://dummyimage.com/242x100.png/ff4444/ffffff","price":51},
{"name":"Comedy","url":"http://dummyimage.com/130x100.png/cc0000/ffffff","price":62},
{"name":"Comedy|Crime|Mystery","url":"http://dummyimage.com/122x100.png/ff4444/ffffff","price":29},
{"name":"Comedy|Drama|Romance","url":"http://dummyimage.com/115x100.png/cc0000/ffffff","price":39},
{"name":"Comedy|Drama|Western","url":"http://dummyimage.com/250x100.png/ff4444/ffffff","price":80},
{"name":"Adventure|Children","url":"http://dummyimage.com/147x100.png/ff4444/ffffff","price":64},
{"name":"Drama","url":"http://dummyimage.com/202x100.png/ff4444/ffffff","price":78},
{"name":"Crime|Drama","url":"http://dummyimage.com/214x100.png/ff4444/ffffff","price":69},
{"name":"Crime|Thriller","url":"http://dummyimage.com/160x100.png/5fa2dd/ffffff","price":38},
{"name":"Comedy|Musical","url":"http://dummyimage.com/195x100.png/cc0000/ffffff","price":94},
{"name":"Adventure|Drama","url":"http://dummyimage.com/141x100.png/5fa2dd/ffffff","price":23},
{"name":"Comedy","url":"http://dummyimage.com/113x100.png/dddddd/000000","price":19},
{"name":"Drama","url":"http://dummyimage.com/126x100.png/ff4444/ffffff","price":95},
{"name":"Comedy|Romance","url":"http://dummyimage.com/171x100.png/ff4444/ffffff","price":66},
{"name":"Drama","url":"http://dummyimage.com/137x100.png/5fa2dd/ffffff","price":1},
{"name":"Action|Sci-Fi|Thriller","url":"http://dummyimage.com/238x100.png/ff4444/ffffff","price":36},
{"name":"Drama|Fantasy","url":"http://dummyimage.com/186x100.png/ff4444/ffffff","price":30},
{"name":"Crime|Drama|Film-Noir","url":"http://dummyimage.com/249x100.png/dddddd/000000","price":99},
{"name":"Drama|Musical|Romance","url":"http://dummyimage.com/162x100.png/5fa2dd/ffffff","price":48},
{"name":"Crime|Drama|Thriller","url":"http://dummyimage.com/222x100.png/ff4444/ffffff","price":1},
{"name":"Horror|Romance","url":"http://dummyimage.com/150x100.png/cc0000/ffffff","price":67},
{"name":"Drama|Romance|War","url":"http://dummyimage.com/143x100.png/dddddd/000000","price":80},
{"name":"Comedy|Drama|Romance","url":"http://dummyimage.com/153x100.png/cc0000/ffffff","price":19},
{"name":"Crime|Drama","url":"http://dummyimage.com/238x100.png/5fa2dd/ffffff","price":68},
{"name":"Drama","url":"http://dummyimage.com/238x100.png/cc0000/ffffff","price":49},
{"name":"Drama","url":"http://dummyimage.com/244x100.png/ff4444/ffffff","price":15},
{"name":"Mystery|Thriller","url":"http://dummyimage.com/208x100.png/cc0000/ffffff","price":6},
{"name":"Drama|Fantasy|Sci-Fi","url":"http://dummyimage.com/112x100.png/cc0000/ffffff","price":62},
{"name":"Drama|Romance","url":"http://dummyimage.com/100x100.png/5fa2dd/ffffff","price":43},
{"name":"Drama","url":"http://dummyimage.com/159x100.png/dddddd/000000","price":86},
{"name":"Comedy","url":"http://dummyimage.com/247x100.png/dddddd/000000","price":72},
{"name":"Crime|Western","url":"http://dummyimage.com/210x100.png/5fa2dd/ffffff","price":75},
{"name":"Drama","url":"http://dummyimage.com/230x100.png/5fa2dd/ffffff","price":5},
{"name":"Adventure|Children","url":"http://dummyimage.com/130x100.png/5fa2dd/ffffff","price":8},
{"name":"Comedy","url":"http://dummyimage.com/110x100.png/dddddd/000000","price":58},
{"name":"Comedy","url":"http://dummyimage.com/138x100.png/dddddd/000000","price":67},
{"name":"Drama","url":"http://dummyimage.com/212x100.png/dddddd/000000","price":64},
{"name":"Animation|Drama","url":"http://dummyimage.com/157x100.png/dddddd/000000","price":90},
{"name":"Action|Adventure|Crime|Drama|Western","url":"http://dummyimage.com/240x100.png/dddddd/000000","price":77},
{"name":"Drama","url":"http://dummyimage.com/156x100.png/5fa2dd/ffffff","price":85},
{"name":"Drama|War","url":"http://dummyimage.com/177x100.png/5fa2dd/ffffff","price":51},
{"name":"Drama|Romance","url":"http://dummyimage.com/123x100.png/5fa2dd/ffffff","price":40},
{"name":"Documentary","url":"http://dummyimage.com/185x100.png/5fa2dd/ffffff","price":43},
{"name":"Children|Drama","url":"http://dummyimage.com/151x100.png/cc0000/ffffff","price":83},
{"name":"Comedy|Drama","url":"http://dummyimage.com/201x100.png/cc0000/ffffff","price":55},
{"name":"Comedy","url":"http://dummyimage.com/227x100.png/cc0000/ffffff","price":74},
{"name":"Animation|Comedy|Sci-Fi","url":"http://dummyimage.com/221x100.png/5fa2dd/ffffff","price":40},
{"name":"Action|Adventure|Sci-Fi","url":"http://dummyimage.com/245x100.png/5fa2dd/ffffff","price":89},
{"name":"Action|Adventure|Animation|Fantasy","url":"http://dummyimage.com/214x100.png/ff4444/ffffff","price":45},
{"name":"Action|Adventure|Comedy|Drama|Thriller","url":"http://dummyimage.com/136x100.png/dddddd/000000","price":94},
{"name":"Crime|Thriller","url":"http://dummyimage.com/199x100.png/5fa2dd/ffffff","price":13},
{"name":"Drama|Romance","url":"http://dummyimage.com/231x100.png/dddddd/000000","price":82},
{"name":"Drama","url":"http://dummyimage.com/217x100.png/cc0000/ffffff","price":17},
{"name":"Comedy|Drama","url":"http://dummyimage.com/147x100.png/ff4444/ffffff","price":23},
{"name":"Adventure|Animation|Children|Drama|Sci-Fi","url":"http://dummyimage.com/150x100.png/ff4444/ffffff","price":29},
{"name":"Comedy|Drama","url":"http://dummyimage.com/117x100.png/5fa2dd/ffffff","price":32},
{"name":"Documentary","url":"http://dummyimage.com/234x100.png/ff4444/ffffff","price":94},
{"name":"Comedy|Drama|Romance","url":"http://dummyimage.com/200x100.png/cc0000/ffffff","price":84},
{"name":"Documentary","url":"http://dummyimage.com/131x100.png/5fa2dd/ffffff","price":31},
{"name":"Drama|Romance","url":"http://dummyimage.com/177x100.png/dddddd/000000","price":66},
{"name":"Comedy","url":"http://dummyimage.com/100x100.png/ff4444/ffffff","price":12},
{"name":"Adventure|Drama|Fantasy|Horror|Sci-Fi","url":"http://dummyimage.com/138x100.png/cc0000/ffffff","price":79},
{"name":"Action|Thriller","url":"http://dummyimage.com/248x100.png/5fa2dd/ffffff","price":75},
{"name":"Animation|Comedy","url":"http://dummyimage.com/206x100.png/cc0000/ffffff","price":82},
{"name":"Drama","url":"http://dummyimage.com/139x100.png/ff4444/ffffff","price":13},
{"name":"Drama","url":"http://dummyimage.com/147x100.png/ff4444/ffffff","price":74},
{"name":"Comedy","url":"http://dummyimage.com/119x100.png/5fa2dd/ffffff","price":80},
{"name":"Drama|War","url":"http://dummyimage.com/112x100.png/ff4444/ffffff","price":23},
{"name":"Documentary","url":"http://dummyimage.com/137x100.png/dddddd/000000","price":59},
{"name":"Action|Adventure","url":"http://dummyimage.com/225x100.png/5fa2dd/ffffff","price":34},
{"name":"Drama","url":"http://dummyimage.com/212x100.png/dddddd/000000","price":60},
{"name":"Comedy|Drama","url":"http://dummyimage.com/175x100.png/cc0000/ffffff","price":43},
{"name":"Comedy","url":"http://dummyimage.com/139x100.png/cc0000/ffffff","price":28},
{"name":"Crime|Drama","url":"http://dummyimage.com/185x100.png/5fa2dd/ffffff","price":4},
{"name":"Drama","url":"http://dummyimage.com/250x100.png/dddddd/000000","price":24},
{"name":"Horror|Mystery|Thriller","url":"http://dummyimage.com/175x100.png/5fa2dd/ffffff","price":12},
{"name":"Adventure|Children|Drama","url":"http://dummyimage.com/137x100.png/5fa2dd/ffffff","price":25},
{"name":"Comedy|Drama","url":"http://dummyimage.com/153x100.png/5fa2dd/ffffff","price":33},
{"name":"Musical","url":"http://dummyimage.com/231x100.png/5fa2dd/ffffff","price":95},
{"name":"Comedy|Romance","url":"http://dummyimage.com/219x100.png/dddddd/000000","price":69},
{"name":"Crime|Drama|Romance","url":"http://dummyimage.com/165x100.png/ff4444/ffffff","price":97},
{"name":"Drama","url":"http://dummyimage.com/200x100.png/dddddd/000000","price":38},
{"name":"Comedy|Romance","url":"http://dummyimage.com/118x100.png/ff4444/ffffff","price":22},
{"name":"Comedy|Musical|Romance","url":"http://dummyimage.com/228x100.png/5fa2dd/ffffff","price":17},
{"name":"Romance","url":"http://dummyimage.com/244x100.png/ff4444/ffffff","price":10},
{"name":"Comedy|Musical|Romance","url":"http://dummyimage.com/187x100.png/cc0000/ffffff","price":67},
{"name":"Drama","url":"http://dummyimage.com/233x100.png/ff4444/ffffff","price":92},
{"name":"Action|Crime","url":"http://dummyimage.com/103x100.png/dddddd/000000","price":88},
{"name":"Horror|Sci-Fi","url":"http://dummyimage.com/195x100.png/cc0000/ffffff","price":41},
{"name":"Drama|Horror|Thriller","url":"http://dummyimage.com/199x100.png/ff4444/ffffff","price":40},
{"name":"Comedy|Musical|Romance","url":"http://dummyimage.com/204x100.png/dddddd/000000","price":56},
{"name":"Comedy|Musical|Sci-Fi","url":"http://dummyimage.com/181x100.png/5fa2dd/ffffff","price":89},
{"name":"Comedy","url":"http://dummyimage.com/113x100.png/5fa2dd/ffffff","price":82},
{"name":"Drama","url":"http://dummyimage.com/235x100.png/5fa2dd/ffffff","price":60},
{"name":"Children|Fantasy","url":"http://dummyimage.com/147x100.png/dddddd/000000","price":51},
{"name":"Documentary","url":"http://dummyimage.com/148x100.png/cc0000/ffffff","price":99},
{"name":"Drama","url":"http://dummyimage.com/104x100.png/ff4444/ffffff","price":12},
{"name":"Romance","url":"http://dummyimage.com/222x100.png/ff4444/ffffff","price":43},
{"name":"Comedy","url":"http://dummyimage.com/182x100.png/ff4444/ffffff","price":96},
{"name":"Comedy|Crime","url":"http://dummyimage.com/174x100.png/dddddd/000000","price":5},
{"name":"Action|Western","url":"http://dummyimage.com/152x100.png/dddddd/000000","price":70},
{"name":"Adventure|Drama|War","url":"http://dummyimage.com/121x100.png/ff4444/ffffff","price":33},
{"name":"Comedy|Drama|Romance","url":"http://dummyimage.com/139x100.png/5fa2dd/ffffff","price":100},
{"name":"Adventure|Comedy","url":"http://dummyimage.com/212x100.png/5fa2dd/ffffff","price":76},
{"name":"Drama|Romance","url":"http://dummyimage.com/118x100.png/ff4444/ffffff","price":40},
{"name":"Drama","url":"http://dummyimage.com/250x100.png/dddddd/000000","price":46},
{"name":"Adventure|Animation|Children|Fantasy","url":"http://dummyimage.com/219x100.png/5fa2dd/ffffff","price":11},
{"name":"Comedy|Romance","url":"http://dummyimage.com/155x100.png/ff4444/ffffff","price":50},
{"name":"Drama","url":"http://dummyimage.com/192x100.png/ff4444/ffffff","price":60},
{"name":"Action|Drama|Fantasy|Horror","url":"http://dummyimage.com/148x100.png/5fa2dd/ffffff","price":61},
{"name":"Sci-Fi","url":"http://dummyimage.com/216x100.png/ff4444/ffffff","price":79},
{"name":"Comedy","url":"http://dummyimage.com/162x100.png/cc0000/ffffff","price":11},
{"name":"Horror","url":"http://dummyimage.com/178x100.png/5fa2dd/ffffff","price":90},
{"name":"Action|Thriller","url":"http://dummyimage.com/164x100.png/5fa2dd/ffffff","price":78},
{"name":"Thriller","url":"http://dummyimage.com/178x100.png/dddddd/000000","price":48},
{"name":"Action|Comedy|Crime|Thriller","url":"http://dummyimage.com/171x100.png/dddddd/000000","price":90},
{"name":"Comedy|Drama|Musical|Romance","url":"http://dummyimage.com/134x100.png/cc0000/ffffff","price":87},
{"name":"Drama","url":"http://dummyimage.com/211x100.png/ff4444/ffffff","price":3},
{"name":"Drama|Romance","url":"http://dummyimage.com/222x100.png/5fa2dd/ffffff","price":51},
{"name":"Drama|Mystery|Romance|Thriller","url":"http://dummyimage.com/139x100.png/5fa2dd/ffffff","price":97},
{"name":"Crime|Mystery|Romance|Thriller","url":"http://dummyimage.com/248x100.png/ff4444/ffffff","price":19},
{"name":"Comedy|Musical|Romance","url":"http://dummyimage.com/129x100.png/ff4444/ffffff","price":15},
{"name":"Action|Adventure|Thriller|War","url":"http://dummyimage.com/179x100.png/dddddd/000000","price":27},
{"name":"Action|Drama|Romance|War","url":"http://dummyimage.com/107x100.png/5fa2dd/ffffff","price":13},
{"name":"Action|Adventure|Children|Fantasy","url":"http://dummyimage.com/154x100.png/cc0000/ffffff","price":87},
{"name":"Comedy|Mystery|Thriller","url":"http://dummyimage.com/217x100.png/ff4444/ffffff","price":54},
{"name":"Comedy|Romance","url":"http://dummyimage.com/196x100.png/cc0000/ffffff","price":62},
{"name":"Crime|Drama","url":"http://dummyimage.com/142x100.png/ff4444/ffffff","price":3},
{"name":"Action|Comedy|Crime|Drama","url":"http://dummyimage.com/128x100.png/cc0000/ffffff","price":92},
{"name":"Drama|Thriller","url":"http://dummyimage.com/194x100.png/5fa2dd/ffffff","price":75},
{"name":"Drama|Romance|War","url":"http://dummyimage.com/141x100.png/dddddd/000000","price":19},
{"name":"Action|Crime|Thriller","url":"http://dummyimage.com/195x100.png/cc0000/ffffff","price":17},
{"name":"Documentary|War","url":"http://dummyimage.com/206x100.png/dddddd/000000","price":81},
{"name":"Drama","url":"http://dummyimage.com/135x100.png/ff4444/ffffff","price":68},
{"name":"Drama|Fantasy|Sci-Fi","url":"http://dummyimage.com/208x100.png/5fa2dd/ffffff","price":84},
{"name":"Comedy","url":"http://dummyimage.com/239x100.png/dddddd/000000","price":19},
{"name":"Comedy|Romance","url":"http://dummyimage.com/131x100.png/ff4444/ffffff","price":43},
{"name":"Comedy|Crime","url":"http://dummyimage.com/188x100.png/5fa2dd/ffffff","price":26},
{"name":"Horror|Mystery|Thriller","url":"http://dummyimage.com/183x100.png/5fa2dd/ffffff","price":23},
{"name":"Action|Crime|Drama|Thriller","url":"http://dummyimage.com/208x100.png/ff4444/ffffff","price":71},
{"name":"Comedy|Musical","url":"http://dummyimage.com/226x100.png/cc0000/ffffff","price":20},
{"name":"Action|Comedy|Crime","url":"http://dummyimage.com/192x100.png/5fa2dd/ffffff","price":98},
{"name":"Drama|Romance","url":"http://dummyimage.com/234x100.png/cc0000/ffffff","price":88},
{"name":"Documentary","url":"http://dummyimage.com/229x100.png/5fa2dd/ffffff","price":70},
{"name":"Drama","url":"http://dummyimage.com/115x100.png/5fa2dd/ffffff","price":44},
{"name":"Western","url":"http://dummyimage.com/200x100.png/5fa2dd/ffffff","price":54},
{"name":"Documentary","url":"http://dummyimage.com/220x100.png/dddddd/000000","price":7},
{"name":"Drama|Sci-Fi|Thriller","url":"http://dummyimage.com/107x100.png/ff4444/ffffff","price":79},
{"name":"Action","url":"http://dummyimage.com/183x100.png/ff4444/ffffff","price":59},
{"name":"Drama","url":"http://dummyimage.com/175x100.png/dddddd/000000","price":92},
{"name":"Thriller","url":"http://dummyimage.com/248x100.png/dddddd/000000","price":12},
{"name":"Drama","url":"http://dummyimage.com/140x100.png/ff4444/ffffff","price":86},
{"name":"Comedy|Drama","url":"http://dummyimage.com/161x100.png/cc0000/ffffff","price":62},
{"name":"Action|Adventure|Animation|Fantasy|Sci-Fi","url":"http://dummyimage.com/149x100.png/dddddd/000000","price":27},
{"name":"Adventure","url":"http://dummyimage.com/105x100.png/dddddd/000000","price":69},
{"name":"Drama|Romance","url":"http://dummyimage.com/177x100.png/dddddd/000000","price":45},
{"name":"Comedy","url":"http://dummyimage.com/100x100.png/cc0000/ffffff","price":86},
{"name":"Crime|Drama","url":"http://dummyimage.com/222x100.png/ff4444/ffffff","price":28},
{"name":"Comedy|Romance","url":"http://dummyimage.com/145x100.png/5fa2dd/ffffff","price":56},
{"name":"Documentary","url":"http://dummyimage.com/115x100.png/ff4444/ffffff","price":72},
{"name":"Adventure|Animation|Children|Comedy|Musical","url":"http://dummyimage.com/215x100.png/5fa2dd/ffffff","price":14},
{"name":"Action","url":"http://dummyimage.com/203x100.png/dddddd/000000","price":69},
{"name":"Documentary","url":"http://dummyimage.com/220x100.png/dddddd/000000","price":17},
{"name":"Comedy","url":"http://dummyimage.com/211x100.png/cc0000/ffffff","price":33},
{"name":"Comedy|Horror","url":"http://dummyimage.com/250x100.png/cc0000/ffffff","price":81},
{"name":"Action|Crime","url":"http://dummyimage.com/142x100.png/dddddd/000000","price":67},
{"name":"Action|Adventure|Crime|Mystery","url":"http://dummyimage.com/204x100.png/dddddd/000000","price":92},
{"name":"Drama","url":"http://dummyimage.com/155x100.png/dddddd/000000","price":37},
{"name":"Horror|Thriller","url":"http://dummyimage.com/128x100.png/5fa2dd/ffffff","price":80},
{"name":"Crime|Thriller","url":"http://dummyimage.com/203x100.png/dddddd/000000","price":1},
{"name":"Adventure|Animation|Children|Comedy|Drama|Musical|Romance","url":"http://dummyimage.com/175x100.png/cc0000/ffffff","price":45},
{"name":"Action|Comedy","url":"http://dummyimage.com/238x100.png/ff4444/ffffff","price":10},
{"name":"Crime|Drama|Thriller","url":"http://dummyimage.com/123x100.png/dddddd/000000","price":45},
{"name":"Comedy|Western","url":"http://dummyimage.com/192x100.png/dddddd/000000","price":34},
{"name":"Animation","url":"http://dummyimage.com/199x100.png/5fa2dd/ffffff","price":18},
{"name":"Comedy|Fantasy|Musical","url":"http://dummyimage.com/209x100.png/dddddd/000000","price":65},
{"name":"Children|Drama","url":"http://dummyimage.com/181x100.png/cc0000/ffffff","price":19},
{"name":"Drama","url":"http://dummyimage.com/114x100.png/cc0000/ffffff","price":42},
{"name":"Crime|Drama|Thriller","url":"http://dummyimage.com/134x100.png/ff4444/ffffff","price":36},
{"name":"Romance","url":"http://dummyimage.com/204x100.png/cc0000/ffffff","price":75},
{"name":"Comedy|Drama","url":"http://dummyimage.com/138x100.png/dddddd/000000","price":30},
{"name":"Documentary","url":"http://dummyimage.com/142x100.png/ff4444/ffffff","price":38},
{"name":"Action|Adventure|Fantasy|Romance","url":"http://dummyimage.com/131x100.png/dddddd/000000","price":11},
{"name":"Comedy|Drama","url":"http://dummyimage.com/193x100.png/ff4444/ffffff","price":74},
{"name":"Action|Drama","url":"http://dummyimage.com/130x100.png/cc0000/ffffff","price":52},
{"name":"Crime|Drama|Romance","url":"http://dummyimage.com/166x100.png/ff4444/ffffff","price":99},
{"name":"Adventure|Animation|Fantasy|Sci-Fi","url":"http://dummyimage.com/221x100.png/dddddd/000000","price":61},
{"name":"Crime|Drama|Mystery|Thriller","url":"http://dummyimage.com/245x100.png/5fa2dd/ffffff","price":57},
{"name":"Drama","url":"http://dummyimage.com/233x100.png/5fa2dd/ffffff","price":7},
{"name":"Horror|Thriller","url":"http://dummyimage.com/219x100.png/ff4444/ffffff","price":46},
{"name":"Drama","url":"http://dummyimage.com/220x100.png/ff4444/ffffff","price":87},
{"name":"Adventure|Fantasy|Thriller","url":"http://dummyimage.com/208x100.png/5fa2dd/ffffff","price":73},
{"name":"Comedy|Drama","url":"http://dummyimage.com/151x100.png/ff4444/ffffff","price":67},
{"name":"Drama","url":"http://dummyimage.com/131x100.png/ff4444/ffffff","price":76},
{"name":"Adventure|Children","url":"http://dummyimage.com/118x100.png/dddddd/000000","price":87},
{"name":"Action|Crime|Thriller","url":"http://dummyimage.com/137x100.png/cc0000/ffffff","price":12},
{"name":"Comedy","url":"http://dummyimage.com/229x100.png/dddddd/000000","price":50},
{"name":"Drama","url":"http://dummyimage.com/110x100.png/dddddd/000000","price":12},
{"name":"Crime|Drama|Mystery|Romance","url":"http://dummyimage.com/222x100.png/dddddd/000000","price":40},
{"name":"Documentary|Musical","url":"http://dummyimage.com/105x100.png/dddddd/000000","price":59},
{"name":"Action|Drama|War","url":"http://dummyimage.com/151x100.png/cc0000/ffffff","price":83},
{"name":"Action","url":"http://dummyimage.com/212x100.png/cc0000/ffffff","price":51},
{"name":"Horror|Thriller","url":"http://dummyimage.com/225x100.png/ff4444/ffffff","price":50},
{"name":"Action","url":"http://dummyimage.com/213x100.png/dddddd/000000","price":23},
{"name":"Crime|Drama","url":"http://dummyimage.com/129x100.png/ff4444/ffffff","price":82},
{"name":"Drama|Musical","url":"http://dummyimage.com/240x100.png/dddddd/000000","price":13},
{"name":"Drama|Romance","url":"http://dummyimage.com/212x100.png/cc0000/ffffff","price":31},
{"name":"Drama","url":"http://dummyimage.com/130x100.png/5fa2dd/ffffff","price":94},
{"name":"Documentary|Musical","url":"http://dummyimage.com/241x100.png/cc0000/ffffff","price":60},
{"name":"Drama","url":"http://dummyimage.com/128x100.png/5fa2dd/ffffff","price":87},
{"name":"Drama","url":"http://dummyimage.com/146x100.png/ff4444/ffffff","price":7},
{"name":"Documentary","url":"http://dummyimage.com/106x100.png/5fa2dd/ffffff","price":10},
{"name":"Comedy","url":"http://dummyimage.com/243x100.png/dddddd/000000","price":85},
{"name":"Drama","url":"http://dummyimage.com/183x100.png/dddddd/000000","price":68},
{"name":"Drama","url":"http://dummyimage.com/196x100.png/cc0000/ffffff","price":40},
{"name":"Comedy|Drama","url":"http://dummyimage.com/150x100.png/dddddd/000000","price":55},
{"name":"Comedy|Romance","url":"http://dummyimage.com/157x100.png/ff4444/ffffff","price":26},
{"name":"Action|Comedy","url":"http://dummyimage.com/182x100.png/5fa2dd/ffffff","price":42},
{"name":"Comedy|War","url":"http://dummyimage.com/155x100.png/cc0000/ffffff","price":30},
{"name":"Comedy|Horror","url":"http://dummyimage.com/191x100.png/5fa2dd/ffffff","price":85},
{"name":"Drama","url":"http://dummyimage.com/231x100.png/dddddd/000000","price":83},
{"name":"Action|Adventure|Animation|Children|Comedy","url":"http://dummyimage.com/228x100.png/5fa2dd/ffffff","price":73},
{"name":"Adventure|Crime|Drama","url":"http://dummyimage.com/204x100.png/cc0000/ffffff","price":66},
{"name":"Crime|Drama|Thriller","url":"http://dummyimage.com/159x100.png/5fa2dd/ffffff","price":45},
{"name":"Drama","url":"http://dummyimage.com/201x100.png/cc0000/ffffff","price":33},
{"name":"Drama|Sci-Fi|Thriller","url":"http://dummyimage.com/148x100.png/ff4444/ffffff","price":65},
{"name":"Children|Comedy|Fantasy","url":"http://dummyimage.com/232x100.png/5fa2dd/ffffff","price":53},
{"name":"Comedy|Drama|Fantasy","url":"http://dummyimage.com/238x100.png/ff4444/ffffff","price":89},
{"name":"Drama|Horror","url":"http://dummyimage.com/174x100.png/5fa2dd/ffffff","price":26},
{"name":"Comedy","url":"http://dummyimage.com/174x100.png/dddddd/000000","price":82},
{"name":"Action|Horror|Sci-Fi|Thriller|IMAX","url":"http://dummyimage.com/130x100.png/dddddd/000000","price":22},
{"name":"Children|Comedy|Romance","url":"http://dummyimage.com/191x100.png/ff4444/ffffff","price":69},
{"name":"Documentary","url":"http://dummyimage.com/185x100.png/cc0000/ffffff","price":26},
{"name":"Drama","url":"http://dummyimage.com/214x100.png/dddddd/000000","price":54},
{"name":"Comedy|Musical","url":"http://dummyimage.com/174x100.png/dddddd/000000","price":70},
{"name":"Comedy|Drama|Romance","url":"http://dummyimage.com/243x100.png/dddddd/000000","price":66},
{"name":"Drama","url":"http://dummyimage.com/186x100.png/dddddd/000000","price":32},
{"name":"Sci-Fi","url":"http://dummyimage.com/160x100.png/cc0000/ffffff","price":14},
{"name":"Action|Comedy|Crime","url":"http://dummyimage.com/208x100.png/cc0000/ffffff","price":95},
{"name":"Adventure|Animation|Children|Drama","url":"http://dummyimage.com/174x100.png/dddddd/000000","price":72},
{"name":"Documentary|Drama","url":"http://dummyimage.com/198x100.png/5fa2dd/ffffff","price":33},
{"name":"Comedy|Musical","url":"http://dummyimage.com/151x100.png/cc0000/ffffff","price":67},
{"name":"Comedy","url":"http://dummyimage.com/214x100.png/ff4444/ffffff","price":12},
{"name":"Drama","url":"http://dummyimage.com/186x100.png/ff4444/ffffff","price":76},
{"name":"Drama|Musical|Romance","url":"http://dummyimage.com/136x100.png/5fa2dd/ffffff","price":63},
{"name":"Drama","url":"http://dummyimage.com/223x100.png/ff4444/ffffff","price":42},
{"name":"Drama","url":"http://dummyimage.com/134x100.png/dddddd/000000","price":85},
{"name":"Documentary","url":"http://dummyimage.com/126x100.png/cc0000/ffffff","price":46},
{"name":"Horror|Sci-Fi|Thriller","url":"http://dummyimage.com/133x100.png/cc0000/ffffff","price":39},
{"name":"Action|Drama|Thriller","url":"http://dummyimage.com/217x100.png/ff4444/ffffff","price":61},
{"name":"Animation|Comedy|Musical","url":"http://dummyimage.com/182x100.png/5fa2dd/ffffff","price":43},
{"name":"Drama","url":"http://dummyimage.com/126x100.png/dddddd/000000","price":69},
{"name":"Comedy|Drama","url":"http://dummyimage.com/162x100.png/ff4444/ffffff","price":22},
{"name":"Comedy|Drama|Musical","url":"http://dummyimage.com/174x100.png/ff4444/ffffff","price":48},
{"name":"Drama","url":"http://dummyimage.com/131x100.png/5fa2dd/ffffff","price":62},
{"name":"Drama","url":"http://dummyimage.com/230x100.png/ff4444/ffffff","price":27},
{"name":"Sci-Fi","url":"http://dummyimage.com/173x100.png/cc0000/ffffff","price":48},
{"name":"Western","url":"http://dummyimage.com/160x100.png/5fa2dd/ffffff","price":10},
{"name":"Action|Crime|Sci-Fi","url":"http://dummyimage.com/187x100.png/cc0000/ffffff","price":9},
{"name":"Drama","url":"http://dummyimage.com/162x100.png/cc0000/ffffff","price":57},
{"name":"Comedy","url":"http://dummyimage.com/250x100.png/dddddd/000000","price":9},
{"name":"Comedy|Drama","url":"http://dummyimage.com/176x100.png/5fa2dd/ffffff","price":44},
{"name":"Drama|Romance","url":"http://dummyimage.com/229x100.png/5fa2dd/ffffff","price":58},
{"name":"Horror|Sci-Fi","url":"http://dummyimage.com/193x100.png/5fa2dd/ffffff","price":74},
{"name":"Drama|War","url":"http://dummyimage.com/121x100.png/cc0000/ffffff","price":67},
{"name":"Action|Sci-Fi","url":"http://dummyimage.com/194x100.png/ff4444/ffffff","price":74},
{"name":"Drama","url":"http://dummyimage.com/144x100.png/dddddd/000000","price":48},
{"name":"Action|Comedy","url":"http://dummyimage.com/193x100.png/cc0000/ffffff","price":91},
{"name":"Comedy|Romance","url":"http://dummyimage.com/137x100.png/dddddd/000000","price":35},
{"name":"Crime|Drama","url":"http://dummyimage.com/183x100.png/5fa2dd/ffffff","price":19},
{"name":"Drama|Romance","url":"http://dummyimage.com/154x100.png/5fa2dd/ffffff","price":79},
{"name":"Comedy|Drama","url":"http://dummyimage.com/190x100.png/ff4444/ffffff","price":71},
{"name":"Comedy","url":"http://dummyimage.com/224x100.png/dddddd/000000","price":70},
{"name":"Drama","url":"http://dummyimage.com/171x100.png/5fa2dd/ffffff","price":50},
{"name":"Comedy|Romance","url":"http://dummyimage.com/100x100.png/5fa2dd/ffffff","price":77},
{"name":"Crime|Drama|Thriller","url":"http://dummyimage.com/147x100.png/5fa2dd/ffffff","price":24},
{"name":"Animation|Drama","url":"http://dummyimage.com/235x100.png/ff4444/ffffff","price":81},
{"name":"Crime|Mystery","url":"http://dummyimage.com/153x100.png/5fa2dd/ffffff","price":35},
{"name":"Comedy|Crime|Drama|Thriller","url":"http://dummyimage.com/126x100.png/ff4444/ffffff","price":39},
{"name":"Action|Comedy|Crime|Thriller","url":"http://dummyimage.com/198x100.png/5fa2dd/ffffff","price":8},
{"name":"Adventure|Animation|Children|Comedy","url":"http://dummyimage.com/135x100.png/cc0000/ffffff","price":99},
{"name":"Drama|War","url":"http://dummyimage.com/191x100.png/cc0000/ffffff","price":65},
{"name":"Horror|Mystery|Sci-Fi","url":"http://dummyimage.com/134x100.png/cc0000/ffffff","price":49},
{"name":"Drama|Musical","url":"http://dummyimage.com/196x100.png/ff4444/ffffff","price":66},
{"name":"Action|Comedy","url":"http://dummyimage.com/153x100.png/ff4444/ffffff","price":10},
{"name":"Thriller","url":"http://dummyimage.com/230x100.png/ff4444/ffffff","price":19},
{"name":"Comedy|Romance|Thriller","url":"http://dummyimage.com/112x100.png/dddddd/000000","price":92},
{"name":"Drama|War","url":"http://dummyimage.com/160x100.png/5fa2dd/ffffff","price":30},
{"name":"Documentary|Sci-Fi","url":"http://dummyimage.com/198x100.png/cc0000/ffffff","price":13}]